nom_loc,cve_col,nom_col,viviendas_totales,poblacion_total,pctj_mujeres,pctj_hombres,pctj_menores18,pctj_adultos18_59,pctj_60ymas,escolaridad_años_prom,nivel_escolaridad_prom,nom_col_norm
Hermosillo,2603000010,OASIS LANTANA,211,650,50.7%,49.3%,39.2%,60.3%,0.5%,11.4,Secundaria,OASIS LANTANA
Hermosillo,2603000011343,ROMANZA RESIDENCIAL,502,1543,48.5%,51.5%,39.5%,58.4%,2.1%,11.2,Secundaria,ROMANZA RESIDENCIAL
Hermosillo,2603000011346,PUEBLO ALEGRE,443,1385,50.2%,49.8%,34.1%,62.5%,3.5%,11.5,Secundaria,PUEBLO ALEGRE
Hermosillo,2603000011347,TUBAC,212,651,51.5%,48.5%,32.6%,63.3%,4.1%,12.2,Secundaria,TUBAC
Hermosillo,2603000011348,PUEBLO ESCONDIDO,646,2154,50.6%,49.4%,36.6%,60.6%,2.8%,10.4,Secundaria,PUEBLO ESCONDIDO
Hermosillo,2603000011349,LA LENGUETA,87,245,46.5%,53.5%,33.1%,58.4%,8.6%,8.3,Primaria,LA LENGUETA
Hermosillo,2603000011350,LAURA ALICIA FRIAS DE LOPEZ NOGALES,832,2614,47.7%,52.3%,39%,55%,6%,8.5,Primaria,LAURA ALICIA FRIAS DE LOPEZ NOGALES
Hermosillo,2603000011351,ZONA INDUSTRIAL,37,101,50%,50%,25.7%,70.3%,4%,11.6,Secundaria,ZONA INDUSTRIAL
Hermosillo,2603000011352,PRIVADAS DEL BOSQUE,656,2074,51.4%,48.6%,33.7%,62.4%,4%,12.1,Secundaria,PRIVADAS DEL BOSQUE
Hermosillo,2603000011353,EL ENCANTO,289,896,51.2%,48.8%,26.9%,67.9%,5.2%,11.0,Secundaria,EL ENCANTO
Hermosillo,2603000011354,PILARES,157,447,49.7%,50.3%,28.9%,68.2%,2.9%,13.4,Preparatoria,PILARES
Hermosillo,2603000011356,CORTIJO SECCION PIONEROS,536,1514,49.7%,50.3%,27.4%,65.4%,7.2%,12.5,Secundaria,CORTIJO SECCION PIONEROS
Hermosillo,2603000011357,LOS MANANTIALES,157,452,50.3%,49.7%,35.6%,61.1%,3.3%,13.1,Preparatoria,LOS MANANTIALES
Hermosillo,2603000011358,CORTIJO SECCION PERIODISTAS,47,109,56.9%,43.1%,22.9%,67%,10.1%,12.1,Secundaria,CORTIJO SECCION PERIODISTAS
Hermosillo,2603000011359,NUEVO HORIZONTE,60,186,53.2%,46.8%,22%,69.9%,8.1%,11.2,Secundaria,NUEVO HORIZONTE
Hermosillo,2603000011360,SAN SEBASTIAN,91,277,49.5%,50.5%,29.2%,66.8%,4%,11.9,Secundaria,SAN SEBASTIAN
Hermosillo,2603000011361,CERRADA DE LA CAPILLA,72,213,53.1%,46.9%,33.3%,57.3%,9.4%,12.9,Secundaria,CERRADA DE LA CAPILLA
Hermosillo,2603000011362,RETORNO DE LA MISION,230,615,51.1%,48.9%,26%,66.2%,7.8%,12.8,Secundaria,RETORNO DE LA MISION
Hermosillo,2603000011363,HACIENDA RESIDENCIAL,169,488,50.6%,49.4%,27%,66.2%,6.8%,12.7,Secundaria,HACIENDA RESIDENCIAL
Hermosillo,2603000011364,CAPERUZO,454,1429,49.1%,50.9%,28.3%,67.2%,4.5%,11.0,Secundaria,CAPERUZO
Hermosillo,2603000011365,PASEO DE PALMAS,259,735,48.2%,51.8%,27.8%,67.3%,4.9%,11.1,Secundaria,PASEO DE PALMAS
Hermosillo,2603000011366,VILLAS DEL PALMAR,724,2252,51.2%,48.8%,28.6%,65.2%,6.2%,11.9,Secundaria,VILLAS DEL PALMAR
Hermosillo,2603000011367,VILLAS RESIDENCIAL,353,1165,50.9%,49.1%,33.8%,63.3%,2.8%,12.0,Secundaria,VILLAS RESIDENCIAL
Hermosillo,2603000011368,VILLA DORADA,345,1063,49.9%,50.1%,29.5%,65.2%,5.3%,11.1,Secundaria,VILLA DORADA
Hermosillo,2603000011369,RINCON DE PALMAS,128,435,52%,48%,28.5%,68%,3.4%,12.6,Secundaria,RINCON DE PALMAS
Hermosillo,2603000011370,PRIVADAS DE MIRADOR I,201,614,51%,49%,33.1%,62.4%,4.6%,12.1,Secundaria,PRIVADAS DE MIRADOR I
Hermosillo,2603000011371,SAN LUIS REY,214,681,52.6%,47.4%,27.2%,64.9%,7.9%,11.5,Secundaria,SAN LUIS REY
Hermosillo,2603000011372,VILLA COLONIAL,839,2557,51.4%,48.6%,26.2%,67.9%,6%,12.6,Secundaria,VILLA COLONIAL
Hermosillo,2603000011373,MANLIO FABIO BELTRONES,199,758,49.9%,50.1%,36%,58.7%,5.3%,9.0,Secundaria,MANLIO FABIO BELTRONES
Hermosillo,2603000011374,SOLIDARIDAD,4745,16283,49.6%,50.4%,30.1%,62.6%,7.2%,9.8,Secundaria,SOLIDARIDAD
Hermosillo,2603000011375,MANUEL GOMEZ MORIN,664,2354,51.7%,48.3%,34.4%,59.9%,5.8%,9.6,Secundaria,MANUEL GOMEZ MORIN
Hermosillo,2603000011376,VILLAS DEL CORTIJO,358,1200,51%,49%,27%,65.8%,7.2%,11.6,Secundaria,VILLAS DEL CORTIJO
Hermosillo,2603000011377,EUSEBIO KINO,661,2227,48.8%,51.2%,27%,59.8%,13.2%,9.9,Secundaria,EUSEBIO KINO
Hermosillo,2603000011378,LAS LADRILLERAS,308,1008,50.8%,49.2%,30.7%,60.5%,8.8%,9.3,Secundaria,LAS LADRILLERAS
Hermosillo,2603000011380,SAN BOSCO,1216,4040,50.3%,49.7%,34.1%,61.2%,4.7%,10.7,Secundaria,SAN BOSCO
Hermosillo,2603000011381,SAN FRANCISCO,150,450,51.3%,48.7%,26%,67.1%,6.9%,12.5,Secundaria,SAN FRANCISCO
Hermosillo,2603000011382,LAS ALAMEDAS,116,311,52.1%,47.9%,26%,66.9%,7.1%,12.7,Secundaria,LAS ALAMEDAS
Hermosillo,2603000011384,FRANCISCO ROMERO,255,791,49.4%,50.6%,35.9%,55%,9.1%,8.6,Primaria,FRANCISCO ROMERO
Hermosillo,2603000011385,VALLE DEL PORTAL,468,1527,51.5%,48.5%,32.7%,62.2%,5.1%,10.0,Secundaria,VALLE DEL PORTAL
Hermosillo,2603000011387,NORBERTO ORTEGA,940,3236,50%,50%,30.1%,61.1%,8.8%,9.4,Secundaria,NORBERTO ORTEGA
Hermosillo,2603000011388,PRIMERO HERMOSILLO,816,2699,49.1%,50.9%,32.2%,56.4%,11.5%,9.5,Secundaria,PRIMERO HERMOSILLO
Hermosillo,2603000011389,MIGUEL HIDALGO,1701,5684,49.5%,50.5%,27.4%,60.6%,11.9%,9.6,Secundaria,MIGUEL HIDALGO
Hermosillo,2603000011390,REAL DEL CARDO,381,1190,51.2%,48.8%,32.4%,62.9%,4.6%,9.9,Secundaria,REAL DEL CARDO
Hermosillo,2603000011392,MACHI LOPEZ,92,290,54.8%,45.2%,26.2%,62.4%,11.4%,9.7,Secundaria,MACHI LOPEZ
Hermosillo,2603000011393,MARTIRES DE CANANEA,344,1059,51.7%,48.3%,26.6%,59.1%,14.3%,10.3,Secundaria,MARTIRES DE CANANEA
Hermosillo,2603000011394,VIRREYES,617,1876,50.2%,49.8%,23.6%,61.9%,14.5%,11.2,Secundaria,VIRREYES
Hermosillo,2603000011395,DUNAS,1734,5877,51.4%,48.6%,32.3%,63.8%,3.8%,11.1,Secundaria,DUNAS
Hermosillo,2603000011396,JESUS VEGA,539,1791,49.7%,50.3%,34.6%,58.1%,7.4%,9.1,Secundaria,JESUS VEGA
Hermosillo,2603000011397,NUEVA CASTILLA,306,1017,50.5%,49.5%,23.4%,68.5%,8.1%,11.6,Secundaria,NUEVA CASTILLA
Hermosillo,2603000011398,PROGRESISTA,1163,3432,51%,49%,21.4%,58.9%,19.8%,11.0,Secundaria,PROGRESISTA
Hermosillo,2603000011399,DEL BOSQUE,97,338,47.6%,52.4%,30.2%,66.3%,3.6%,10.4,Secundaria,DEL BOSQUE
Hermosillo,2603000011400,SAHUARO FINAL,798,2551,50.9%,49.1%,27.4%,61.8%,10.8%,10.3,Secundaria,SAHUARO FINAL
Hermosillo,2603000011401,FONAPO,343,1018,51.6%,48.4%,25.3%,60.3%,14.3%,10.9,Secundaria,FONAPO
Hermosillo,2603000011402,BUENOS AIRES,228,708,50.3%,49.7%,24.3%,67.2%,8.5%,12.2,Secundaria,BUENOS AIRES
Hermosillo,2603000011403,CAMINO REAL,1127,3330,52.7%,47.3%,21.4%,60.4%,18.2%,12.7,Secundaria,CAMINO REAL
Hermosillo,2603000011404,CAMINO REAL DEL NORTE,105,307,49.8%,50.2%,27.7%,70.7%,1.6%,12.1,Secundaria,CAMINO REAL DEL NORTE
Hermosillo,2603000011405,LOS MISIONEROS,334,994,51.6%,48.4%,21.8%,69.2%,9%,13.4,Preparatoria,LOS MISIONEROS
Hermosillo,2603000011406,PLAZA REAL,247,729,52.9%,47.1%,22.9%,66.4%,10.7%,13.3,Preparatoria,PLAZA REAL
Hermosillo,2603000011407,MISION DEL ARCO,181,546,50.2%,49.8%,21.1%,67.6%,11.4%,13.8,Preparatoria,MISION DEL ARCO
Hermosillo,2603000011408,CONQUISTADORES,215,591,53.1%,46.9%,23.4%,67%,9.6%,13.6,Preparatoria,CONQUISTADORES
Hermosillo,2603000011410,UNION DE COLONOS,225,700,51.9%,48.1%,20.7%,60.4%,18.9%,12.1,Secundaria,UNION DE COLONOS
Hermosillo,2603000011411,VIÑEDOS,530,1364,51.2%,48.8%,20.3%,64.3%,15.4%,13.6,Preparatoria,VIÑEDOS
Hermosillo,2603000011412,SAN JAVIER,282,715,53.3%,46.7%,18.5%,57.8%,23.8%,13.4,Preparatoria,SAN JAVIER
Hermosillo,2603000011413,LAS ISABELES,381,954,52.5%,47.5%,21.3%,51.6%,27.1%,12.6,Secundaria,LAS ISABELES
Hermosillo,2603000011414,LAS AVES,263,575,55.5%,44.5%,19.7%,55.8%,24.5%,12.5,Secundaria,LAS AVES
Hermosillo,2603000011415,BENITO JUAREZ,1066,3150,49.3%,50.7%,22.6%,57.6%,19.8%,10.4,Secundaria,BENITO JUAREZ
Hermosillo,2603000011416,PRIMAVERA,170,516,48.1%,51.9%,23.8%,58.3%,17.8%,10.2,Secundaria,PRIMAVERA
Hermosillo,2603000011417,SANTA ISABEL,629,1608,52.2%,47.8%,20.4%,57.9%,21.7%,10.6,Secundaria,SANTA ISABEL
Hermosillo,2603000011418,JARDINES,2514,7489,52.1%,47.9%,22.4%,58%,19.5%,11.4,Secundaria,JARDINES
Hermosillo,2603000011419,INTERNACIONAL,637,2033,49.1%,50.9%,29.5%,61.8%,8.7%,9.9,Secundaria,INTERNACIONAL
Hermosillo,2603000011421,RINCON DE LAS FLORES,28,67,52.2%,47.8%,34.3%,61.2%,4.5%,12.3,Secundaria,RINCON DE LAS FLORES
Hermosillo,2603000011422,NUEVA ESPAÑA,310,920,50.6%,49.4%,20.9%,68.4%,10.8%,13.7,Preparatoria,NUEVA ESPAÑA
Hermosillo,2603000011423,VILLA FONTANA,113,339,53.7%,46.3%,15.6%,67.8%,16.5%,13.3,Preparatoria,VILLA FONTANA
Hermosillo,2603000011424,SAN JERONIMO,380,1083,52.5%,47.5%,23.1%,63.1%,13.9%,13.4,Preparatoria,SAN JERONIMO
Hermosillo,2603000011425,BELLA VISTA,487,1419,49.6%,50.4%,28%,58.4%,13.7%,10.1,Secundaria,BELLA VISTA
Hermosillo,2603000011426,PIMENTEL,1011,2706,49.4%,50.6%,17.9%,56.7%,25.4%,11.2,Secundaria,PIMENTEL
Hermosillo,2603000011427,CONDESA,204,426,52.3%,47.7%,12.4%,64.1%,23.5%,13.0,Preparatoria,CONDESA
Hermosillo,2603000011428,LAS TORRES,262,766,53.9%,46.1%,18.1%,60.4%,21.4%,12.7,Secundaria,LAS TORRES
Hermosillo,2603000011429,OLIVARES,3863,10008,50.8%,49.2%,16.5%,57.6%,25.9%,11.3,Secundaria,OLIVARES
Hermosillo,2603000011430,PLAZA GRANDE,35,101,47.5%,52.5%,23.8%,59.4%,16.8%,15.3,Licenciatura,PLAZA GRANDE
Hermosillo,2603000011431,EL LLANO,566,1671,51.4%,48.6%,23.4%,62.7%,13.9%,13.4,Preparatoria,EL LLANO
Hermosillo,2603000011432,LAS FLORES,32,42,39%,61%,9.5%,90.5%,0%,14.1,Preparatoria,LAS FLORES
Hermosillo,2603000011433,CAMPANARIO,103,338,50%,50%,22.2%,61.2%,16.6%,14.7,Preparatoria,CAMPANARIO
Hermosillo,2603000011434,LUIS ENCINAS,866,2228,50.4%,49.6%,15.6%,56.7%,27.7%,10.6,Secundaria,LUIS ENCINAS
Hermosillo,2603000011435,EL LLANITO,22,59,45.8%,54.2%,13.6%,62.7%,23.7%,10.7,Secundaria,EL LLANITO
Hermosillo,2603000011436,JEREZ DEL VALLE,411,1173,49.1%,50.9%,22.8%,67.3%,9.9%,12.0,Secundaria,JEREZ DEL VALLE
Hermosillo,2603000011437,PRIVADA SAHUARO,104,297,50.5%,49.5%,19.5%,73.7%,6.7%,11.6,Secundaria,PRIVADA SAHUARO
Hermosillo,2603000011438,NUEVO SAHUARO,317,953,49.8%,50.2%,24.1%,69.2%,6.7%,11.5,Secundaria,NUEVO SAHUARO
Hermosillo,2603000011439,RANCHO BONITO,405,1228,51.4%,48.6%,28.1%,63.3%,8.6%,14.0,Preparatoria,RANCHO BONITO
Hermosillo,2603000011440,STAUS,81,230,49.1%,50.9%,10%,67.4%,22.6%,16.1,Licenciatura,STAUS
Hermosillo,2603000011442,RESIDENCIAL NAVARRETE,89,243,48.6%,51.4%,16.9%,56.4%,26.7%,14.6,Preparatoria,RESIDENCIAL NAVARRETE
Hermosillo,2603000011443,VALLE DORADO,208,576,50.9%,49.1%,22%,68.9%,9%,13.5,Preparatoria,VALLE DORADO
Hermosillo,2603000011445,RESIDENCIAL SANTA FE,423,1090,51.4%,48.6%,14.8%,61.2%,24%,15.1,Licenciatura,RESIDENCIAL SANTA FE
Hermosillo,2603000011446,SAN ISIDRO,52,152,53.9%,46.1%,17.8%,73%,9.2%,14.1,Preparatoria,SAN ISIDRO
Hermosillo,2603000011447,SONACER,1250,3558,49.1%,50.9%,24.6%,64.1%,11.4%,12.7,Secundaria,SONACER
Hermosillo,2603000011448,CASERIO SAHUARO,80,198,51.5%,48.5%,26.3%,53%,20.7%,13.0,Preparatoria,CASERIO SAHUARO
Hermosillo,2603000011449,EL TORREON,136,325,51.7%,48.3%,14.5%,59.7%,25.8%,13.0,Preparatoria,EL TORREON
Hermosillo,2603000011450,LOS MIRASOLES,588,1549,50.3%,49.7%,20.3%,58.2%,21.5%,10.9,Secundaria,LOS MIRASOLES
Hermosillo,2603000011451,RAQUET CLUB,311,799,51.7%,48.3%,13.8%,46.9%,39.3%,14.3,Preparatoria,RAQUET CLUB
Hermosillo,2603000011452,CORONADO RESIDENCIAL,34,104,52.9%,47.1%,26%,66.3%,7.7%,15.4,Licenciatura,CORONADO RESIDENCIAL
Hermosillo,2603000011453,LIBERTAD,140,400,52.7%,47.3%,20.8%,58.5%,20.8%,11.6,Secundaria,LIBERTAD
Hermosillo,2603000011454,RESIDENCIAL CAPISTRANO,354,1159,47.8%,52.2%,19.2%,65.4%,15.4%,14.9,Preparatoria,RESIDENCIAL CAPISTRANO
Hermosillo,2603000011455,LAS PLAZAS,40,118,48.3%,51.7%,16.9%,74.6%,8.5%,14.5,Preparatoria,LAS PLAZAS
Hermosillo,2603000011456,VILLA ESMERALDA,28,69,53.6%,46.4%,27.5%,53.6%,18.8%,12.1,Secundaria,VILLA ESMERALDA
Hermosillo,2603000011457,ALAMEDA,63,129,56.6%,43.4%,11.6%,51.2%,37.2%,14.3,Preparatoria,ALAMEDA
Hermosillo,2603000011458,MAGISTERIAL,212,594,52.9%,47.1%,16.3%,57.1%,26.6%,13.9,Preparatoria,MAGISTERIAL
Hermosillo,2603000011459,ADOLFO LOPEZ MATEOS,270,705,50.2%,49.8%,19.9%,61.1%,19%,11.5,Secundaria,ADOLFO LOPEZ MATEOS
Hermosillo,2603000011460,VILLA SATELITE,552,1396,54.3%,45.7%,11.9%,46.1%,42%,14.7,Preparatoria,VILLA SATELITE
Hermosillo,2603000011461,SAHUARO INDECO,1072,2323,50.2%,49.8%,18.2%,57.4%,24.4%,11.8,Secundaria,SAHUARO INDECO
Hermosillo,2603000011462,EL SAHUARO,1,6,0%,100%,16.7%,83.3%,0%,1.7,Primaria no aprobada/terminada,EL SAHUARO
Hermosillo,2603000011463,VALLE VERDE,357,890,54.2%,45.8%,10.2%,51.8%,38%,14.5,Preparatoria,VALLE VERDE
Hermosillo,2603000011464,VALLE DEL SOL,125,268,51.5%,48.5%,11.9%,43.7%,44.4%,14.4,Preparatoria,VALLE DEL SOL
Hermosillo,2603000011465,REFORMA NORTE,281,681,54.8%,45.2%,16.2%,51.2%,32.6%,12.7,Secundaria,REFORMA NORTE
Hermosillo,2603000011466,LA HUERTA,258,526,53.9%,46.1%,10.3%,51%,38.8%,13.9,Preparatoria,LA HUERTA
Hermosillo,2603000011467,CHOYAL,1186,3228,50.8%,49.2%,19.5%,58.8%,21.7%,11.0,Secundaria,CHOYAL
Hermosillo,2603000011468,VALLE HERMOSO,90,217,55.2%,44.8%,10.1%,51.6%,38.2%,14.6,Preparatoria,VALLE HERMOSO
Hermosillo,2603000011470,VALLE ESCONDIDO,130,340,55.9%,44.1%,10.6%,55%,34.4%,14.9,Preparatoria,VALLE ESCONDIDO
Hermosillo,2603000011472,VALLE GRANDE,537,1262,54.4%,45.6%,8.7%,53.3%,38%,14.9,Preparatoria,VALLE GRANDE
Hermosillo,2603000011473,BALDERRAMA,3925,9742,52.9%,47.1%,15%,56.1%,28.9%,12.0,Secundaria,BALDERRAMA
Hermosillo,2603000011474,MODELO,1444,3285,53.7%,46.3%,14.6%,53.1%,32.3%,13.9,Preparatoria,MODELO
Hermosillo,2603000011475,JESUS GARCIA,2990,7507,51.5%,48.5%,16.3%,56.1%,27.6%,12.0,Secundaria,JESUS GARCIA
Hermosillo,2603000011476,LOMA LINDA,606,1518,53.3%,46.7%,14.7%,51.2%,34.1%,13.7,Preparatoria,LOMA LINDA
Hermosillo,2603000011477,PERIODISTA,398,914,53.6%,46.4%,16.1%,52.5%,31.4%,14.3,Preparatoria,PERIODISTA
Hermosillo,2603000011478,LA JOLLA,148,542,52%,48%,19%,66.6%,14.4%,13.4,Preparatoria,LA JOLLA
Hermosillo,2603000011480,VILLA VENTURA,86,120,53.5%,46.5%,21.7%,62.5%,15.8%,14.2,Preparatoria,VILLA VENTURA
Hermosillo,2603000011481,CUARTEL PITIC,146,358,55.3%,44.7%,22.6%,62.8%,14.5%,13.9,Preparatoria,CUARTEL PITIC
Hermosillo,2603000011482,ISSSTE,187,369,57.7%,42.3%,14.4%,54.2%,31.4%,13.6,Preparatoria,ISSSTE
Hermosillo,2603000011483,CONSTITUCION,311,627,51.7%,48.3%,9.9%,54.5%,35.6%,14.2,Preparatoria,CONSTITUCION
Hermosillo,2603000011484,CENTRO,2220,4758,48.2%,51.8%,18.6%,56.2%,25.1%,12.3,Secundaria,CENTRO
Hermosillo,2603000011485,CORTIJO UNISON,282,883,51.3%,48.7%,26.7%,67.6%,5.7%,11.8,Secundaria,CORTIJO UNISON
Hermosillo,2603000011486,CINCO DE MAYO,1915,5106,50.6%,49.4%,23.4%,53.3%,23.2%,11.1,Secundaria,CINCO DE MAYO
Hermosillo,2603000011487,JACINTO LOPEZ,1600,5261,49.2%,50.8%,27.9%,60.5%,11.7%,10.1,Secundaria,JACINTO LOPEZ
Hermosillo,2603000011488,CARMEN SERDAN,1064,3504,50.1%,49.9%,27.4%,58.9%,13.7%,9.7,Secundaria,CARMEN SERDAN
Hermosillo,2603000011489,CNOP,282,909,48.2%,51.8%,22.1%,63%,14.9%,10.4,Secundaria,CNOP
Hermosillo,2603000011492,VILLAS DEL CORTEZ,603,1739,51%,49%,24.4%,68.6%,7%,13.2,Preparatoria,VILLAS DEL CORTEZ
Hermosillo,2603000011494,LAS PALMAS,139,447,49.3%,50.7%,25.5%,57.9%,16.6%,10.6,Secundaria,LAS PALMAS
Hermosillo,2603000011495,VILLA GUADALUPE,378,1141,51.8%,48.2%,22.3%,71.3%,6.4%,13.0,Preparatoria,VILLA GUADALUPE
Hermosillo,2603000011496,HEBERTO CASTILLO,844,2771,49.9%,50.1%,25.8%,64%,10.2%,10.7,Secundaria,HEBERTO CASTILLO
Hermosillo,2603000011497,ALTO VALLE,65,208,51%,49%,20.7%,70.7%,8.7%,13.0,Preparatoria,ALTO VALLE
Hermosillo,2603000011498,LOS ANGELES,954,2760,49.9%,50.1%,29.5%,64.3%,6.2%,11.5,Secundaria,LOS ANGELES
Hermosillo,2603000011499,SAN LUIS,1888,6239,49.3%,50.7%,30%,57.8%,12.2%,9.4,Secundaria,SAN LUIS
Hermosillo,2603000011500,VILLA SONORA,1358,4035,52.2%,47.8%,20.3%,70%,9.6%,13.1,Preparatoria,VILLA SONORA
Hermosillo,2603000011501,CERRADA SUAQUI GRANDE,30,85,50.6%,49.4%,18.8%,67.1%,14.1%,12.7,Secundaria,CERRADA SUAQUI GRANDE
Hermosillo,2603000011502,EL MARIACHI,1260,3370,49.8%,50.2%,25.4%,54.1%,20.5%,9.7,Secundaria,EL MARIACHI
Hermosillo,2603000011503,CAÑADA DE LOS NEGROS,202,637,50.6%,49.4%,30.1%,55.7%,14.1%,8.8,Primaria,CAÑADA DE LOS NEGROS
Hermosillo,2603000011504,CONJUNTO ALBORADA,136,373,50.7%,49.3%,24.1%,66.5%,9.4%,12.4,Secundaria,CONJUNTO ALBORADA
Hermosillo,2603000011506,SAN LORENZO,147,475,50.9%,49.1%,31.6%,64.6%,3.8%,13.9,Preparatoria,SAN LORENZO
Hermosillo,2603000011507,ALTOS DE ARAGON,48,146,44.5%,55.5%,24%,69.2%,6.8%,14.5,Preparatoria,ALTOS DE ARAGON
Hermosillo,2603000011508,CUMBRES RESIDENCIAL,191,607,52.6%,47.4%,19.8%,65.7%,14.5%,14.8,Preparatoria,CUMBRES RESIDENCIAL
Hermosillo,2603000011510,LORETO RESIDENCIAL,103,369,48.2%,51.8%,18.7%,67.2%,14.1%,14.8,Preparatoria,LORETO RESIDENCIAL
Hermosillo,2603000011511,CERRADA CUCURPE,114,344,55.5%,44.5%,21.5%,70.3%,8.1%,14.1,Preparatoria,CERRADA CUCURPE
Hermosillo,2603000011512,LA PALOMA,53,161,54%,46%,18.6%,62.1%,19.3%,15.1,Licenciatura,LA PALOMA
Hermosillo,2603000011513,EL DORADO,62,209,53.6%,46.4%,21.1%,62.7%,16.3%,15.1,Licenciatura,EL DORADO
Hermosillo,2603000011515,RESIDENCIAL BRITANIA,68,206,48.1%,51.9%,14.1%,69.9%,16%,15.4,Licenciatura,RESIDENCIAL BRITANIA
Hermosillo,2603000011516,LOS SABINOS,236,591,49.9%,50.1%,15.6%,63.8%,20.6%,15.0,Licenciatura,LOS SABINOS
Hermosillo,2603000011517,PASEO DE LA COLINA,33,103,58.3%,41.7%,27.2%,62.1%,10.7%,15.0,Licenciatura,PASEO DE LA COLINA
Hermosillo,2603000011518,LOMA BLANCA,51,161,50.9%,49.1%,20.5%,67.7%,11.8%,14.7,Preparatoria,LOMA BLANCA
Hermosillo,2603000011519,PASEO DE LAS MARGARITAS,245,719,49.8%,50.2%,19.6%,70%,10.4%,13.2,Preparatoria,PASEO DE LAS MARGARITAS
Hermosillo,2603000011520,CUATRO OLIVOS,682,2052,49.9%,50.1%,25.1%,61.9%,13%,10.4,Secundaria,CUATRO OLIVOS
Hermosillo,2603000011521,COLINA BLANCA,101,296,53%,47%,19.3%,61.5%,19.3%,14.9,Preparatoria,COLINA BLANCA
Hermosillo,2603000011522,BACHOCO,373,986,54.5%,45.5%,14.3%,54.4%,31.3%,14.4,Preparatoria,BACHOCO
Hermosillo,2603000011523,SIERRA BLANCA,257,667,54.6%,45.4%,23.4%,66.3%,10.3%,14.2,Preparatoria,SIERRA BLANCA
Hermosillo,2603000011524,SIERRA VISTA,161,465,54.6%,45.4%,15.7%,62.2%,22.2%,14.3,Preparatoria,SIERRA VISTA
Hermosillo,2603000011525,PUEBLO ALTO,181,448,51.7%,48.3%,18.8%,63.8%,17.4%,15.2,Licenciatura,PUEBLO ALTO
Hermosillo,2603000011526,RESIDENCIAL MEDITERRANEO,59,156,50%,50%,17.9%,61.5%,20.5%,14.7,Preparatoria,RESIDENCIAL MEDITERRANEO
Hermosillo,2603000011529,RETORNO ARCO IRIS,82,170,55.9%,44.1%,19.4%,72.4%,8.2%,15.3,Licenciatura,RETORNO ARCO IRIS
Hermosillo,2603000011532,CATALINAS RESIDENCIAL,160,512,53.3%,46.7%,22.3%,64.3%,13.5%,14.8,Preparatoria,CATALINAS RESIDENCIAL
Hermosillo,2603000011533,RESIDENCIAL COUNTRY CLUB,51,110,46.3%,53.7%,38.2%,57.3%,4.5%,14.9,Preparatoria,RESIDENCIAL COUNTRY CLUB
Hermosillo,2603000011534,CERRADA SAN IGNACIO,38,69,55.1%,44.9%,21.7%,78.3%,0%,15.8,Licenciatura,CERRADA SAN IGNACIO
Hermosillo,2603000011535,LOMAS PITIC,137,354,53.4%,46.6%,15.8%,57.6%,26.6%,14.3,Preparatoria,LOMAS PITIC
Hermosillo,2603000011536,FERROCARRILERA,84,260,47.9%,52.1%,31.9%,53.1%,15%,9.7,Secundaria,FERROCARRILERA
Hermosillo,2603000011537,AMAPOLAS,670,2289,49.9%,50.1%,30.7%,55.4%,13.9%,8.7,Primaria,AMAPOLAS
Hermosillo,2603000011538,LOMAS DE MADRID,1733,5397,51.2%,48.8%,24.9%,58.3%,16.7%,10.3,Secundaria,LOMAS DE MADRID
Hermosillo,2603000011539,LOPEZ PORTILLO,2252,6906,50.3%,49.7%,22.5%,59.3%,18.2%,10.4,Secundaria,LOPEZ PORTILLO
Hermosillo,2603000011540,LA METALERA,346,1235,50%,50%,28.5%,58.9%,12.6%,8.9,Primaria,LA METALERA
Hermosillo,2603000011541,LOMAS DE LINDA VISTA,782,2258,51.7%,48.3%,20.9%,68.5%,10.6%,12.7,Secundaria,LOMAS DE LINDA VISTA
Hermosillo,2603000011542,MISION SAN CRISTOBAL,32,112,47.3%,52.7%,25%,62.5%,12.5%,13.1,Preparatoria,MISION SAN CRISTOBAL
Hermosillo,2603000011543,RESIDENCIAL ARIZONA,104,299,50.8%,49.2%,25.8%,68.2%,6%,12.4,Secundaria,RESIDENCIAL ARIZONA
Hermosillo,2603000011544,ATARDECERES,278,755,50.2%,49.8%,18.3%,62.8%,18.9%,12.3,Secundaria,ATARDECERES
Hermosillo,2603000011546,LEY 57,3618,9761,50.9%,49.1%,18.9%,58.8%,22.3%,11.3,Secundaria,LEY 57
Hermosillo,2603000011547,FRANCISCO VILLA,548,1401,53.6%,46.4%,20.3%,57%,22.7%,11.0,Secundaria,FRANCISCO VILLA
Hermosillo,2603000011549,MISION DEL SOL,755,2251,51.5%,48.5%,19.3%,68.5%,12.2%,14.8,Preparatoria,MISION DEL SOL
Hermosillo,2603000011550,RINCONADA DE LA CRUZ,138,429,44.9%,55.1%,30.5%,52.7%,16.8%,9.4,Secundaria,RINCONADA DE LA CRUZ
Hermosillo,2603000011551,COLINAS RESIDENCIAL,509,1472,53%,47%,18.3%,62.8%,18.9%,14.8,Preparatoria,COLINAS RESIDENCIAL
Hermosillo,2603000011552,COLOSO ALTO,314,1068,48.8%,51.2%,29.6%,57%,13.4%,9.1,Secundaria,COLOSO ALTO
Hermosillo,2603000011553,SACRAMENTO RESIDENCIAL,307,790,52.3%,47.7%,15.4%,63.8%,20.8%,14.7,Preparatoria,SACRAMENTO RESIDENCIAL
Hermosillo,2603000011554,MISION DEL REAL,341,1044,50.5%,49.5%,17.8%,67.5%,14.7%,14.3,Preparatoria,MISION DEL REAL
Hermosillo,2603000011555,COLOSO BAJO,282,895,46%,54%,27.4%,54.2%,18.4%,9.0,Secundaria,COLOSO BAJO
Hermosillo,2603000011556,APOLO,468,1215,53.3%,46.7%,14.5%,50.4%,35.1%,12.7,Secundaria,APOLO
Hermosillo,2603000011557,RESIDENCIAL KINO,94,263,44.1%,55.9%,13.3%,60.8%,25.9%,13.3,Preparatoria,RESIDENCIAL KINO
Hermosillo,2603000011558,CENTENARIO,749,1778,53.8%,46.2%,19%,52.5%,28.6%,14.0,Preparatoria,CENTENARIO
Hermosillo,2603000011559,PRIVADAS DE BUGAMBILIAS,74,189,52.4%,47.6%,16.4%,67.2%,16.4%,14.8,Preparatoria,PRIVADAS DE BUGAMBILIAS
Hermosillo,2603000011560,PRADOS DEL SOL,413,1080,53.8%,46.2%,15.3%,63.3%,21.4%,14.7,Preparatoria,PRADOS DEL SOL
Hermosillo,2603000011561,BUGAMBILIAS,946,2482,53.7%,46.3%,13.5%,54%,32.5%,14.4,Preparatoria,BUGAMBILIAS
Hermosillo,2603000011562,TERRAZAS DEL MIRADOR,10,26,57.7%,42.3%,7.7%,92.3%,0%,15.0,Licenciatura,TERRAZAS DEL MIRADOR
Hermosillo,2603000011564,LOS ROSALES,194,485,53.4%,46.6%,13.6%,51.5%,34.8%,13.5,Preparatoria,LOS ROSALES
Hermosillo,2603000011565,PRADOS DEL CENTENARIO,162,461,51.2%,48.8%,13.7%,53.4%,33%,15.3,Licenciatura,PRADOS DEL CENTENARIO
Hermosillo,2603000011566,REAL DEL CENTENARIO,94,261,58.2%,41.8%,14.6%,52.5%,33%,13.6,Preparatoria,REAL DEL CENTENARIO
Hermosillo,2603000011567,RESIDENCIAL SAN ANTONIO,105,290,52.4%,47.6%,19.3%,52.4%,28.3%,15.0,Licenciatura,RESIDENCIAL SAN ANTONIO
Hermosillo,2603000011568,PASEO DEL SOL,264,678,51.3%,48.7%,15.5%,59.6%,24.9%,14.8,Preparatoria,PASEO DEL SOL
Hermosillo,2603000011569,NUEVA GALICIA,286,777,49.8%,50.2%,14.2%,67.1%,18.8%,14.9,Preparatoria,NUEVA GALICIA
Hermosillo,2603000011570,QUINTAS GALICIA,315,682,49.6%,50.4%,13.6%,65.4%,21%,14.7,Preparatoria,QUINTAS GALICIA
Hermosillo,2603000011571,CASA GRANDE,333,1150,51.1%,48.9%,17.3%,63.6%,19.1%,15.2,Licenciatura,CASA GRANDE
Hermosillo,2603000011573,LOMAS DEL PARAISO,141,480,47.9%,52.1%,33.8%,61.7%,4.6%,9.8,Secundaria,LOMAS DEL PARAISO
Hermosillo,2603000011576,RESIDENCIAL ALAMOS,27,87,50.6%,49.4%,27.6%,62.1%,10.3%,14.8,Preparatoria,RESIDENCIAL ALAMOS
Hermosillo,2603000011577,LOMAS DEL PITIC,21,60,53.3%,46.7%,18.3%,68.3%,13.3%,15.1,Licenciatura,LOMAS DEL PITIC
Hermosillo,2603000011578,PANTEON,18,51,52.9%,47.1%,35.3%,62.7%,2%,14.2,Preparatoria,PANTEON
Hermosillo,2603000011580,LOS PORTALES,209,577,50.1%,49.9%,15.6%,70.7%,13.7%,15.2,Licenciatura,LOS PORTALES
Hermosillo,2603000011581,CLUB DE GOLF LOS LAGOS,369,1366,52%,48%,28.1%,61.3%,10.6%,14.9,Preparatoria,CLUB DE GOLF LOS LAGOS
Hermosillo,2603000011582,RESIDENCIAL VILLA FLORENCIA,17,34,50%,50%,8.8%,76.5%,14.7%,15.1,Licenciatura,RESIDENCIAL VILLA FLORENCIA
Hermosillo,2603000011583,PUNTA DE LAGO RESIDENCIAL,23,77,45.5%,54.5%,44.2%,50.6%,5.2%,14.9,Preparatoria,PUNTA DE LAGO RESIDENCIAL
Hermosillo,2603000011585,COMBATE,943,3425,49.6%,50.4%,35.6%,57%,7.4%,8.9,Primaria,COMBATE
Hermosillo,2603000011586,REVOLUCION 2,211,641,54.1%,45.9%,20.1%,63%,16.8%,11.6,Secundaria,REVOLUCION 2
Hermosillo,2603000011587,RESIDENCIAL LA HACIENDA,194,443,51.2%,48.8%,12%,63.7%,24.4%,14.6,Preparatoria,RESIDENCIAL LA HACIENDA
Hermosillo,2603000011588,RESIDENCIAL DE ANZA,280,719,54.1%,45.9%,13.5%,52%,34.5%,14.1,Preparatoria,RESIDENCIAL DE ANZA
Hermosillo,2603000011589,ALTARES,6551,20398,50.4%,49.6%,33.1%,61.9%,4.9%,11.0,Secundaria,ALTARES
Hermosillo,2603000011590,VALLE DE AGUALURCA,799,2243,49.4%,50.6%,35%,61.3%,3.7%,9.7,Secundaria,VALLE DE AGUALURCA
Hermosillo,2603000011591,LAS GRANJAS,1582,4062,52.4%,47.6%,16.6%,53.6%,29.8%,11.7,Secundaria,LAS GRANJAS
Hermosillo,2603000011593,QUINTA EMILIA,79,209,58.5%,41.5%,23.9%,54.5%,21.5%,11.6,Secundaria,QUINTA EMILIA
Hermosillo,2603000011595,ISSSTESON CENTENARIO,232,571,49.6%,50.4%,14.4%,51.1%,34.5%,14.3,Preparatoria,ISSSTESON CENTENARIO
Hermosillo,2603000011597,NUEVA VICTORIA,252,873,50.1%,49.9%,32.6%,62.2%,5.2%,10.0,Secundaria,NUEVA VICTORIA
Hermosillo,2603000011598,INDECO CENTENARIO,45,89,41.6%,58.4%,14.6%,61.8%,23.6%,14.4,Preparatoria,INDECO CENTENARIO
Hermosillo,2603000011599,FUENTES DEL CENTENARIO,30,83,56.6%,43.4%,15.7%,49.4%,34.9%,15.1,Licenciatura,FUENTES DEL CENTENARIO
Hermosillo,2603000011601,CENTENARIO LUX,44,88,59.1%,40.9%,10.2%,55.7%,34.1%,14.2,Preparatoria,CENTENARIO LUX
Hermosillo,2603000011602,SAN BENITO,3618,6847,52.9%,47.1%,13.4%,56.6%,30%,12.7,Secundaria,SAN BENITO
Hermosillo,2603000011603,LA MOSCA,85,235,42.8%,57.2%,19.1%,57.9%,23%,10.4,Secundaria,LA MOSCA
Hermosillo,2603000011604,MERLOT,345,833,50.1%,49.9%,35.1%,63.5%,1.4%,14.5,Preparatoria,MERLOT
Hermosillo,2603000011606,FUENTES DEL MEZQUITAL,935,2302,53.6%,46.4%,14%,50.9%,35.1%,14.2,Preparatoria,FUENTES DEL MEZQUITAL
Hermosillo,2603000011607,EL RECODO,46,102,51%,49%,22.5%,52.9%,24.5%,14.3,Preparatoria,EL RECODO
Hermosillo,2603000011608,PALMAR DEL SOL,293,740,54.2%,45.8%,13.4%,52.2%,34.5%,13.4,Preparatoria,PALMAR DEL SOL
Hermosillo,2603000011609,VILLA SOL,196,524,53.5%,46.5%,14.1%,61.3%,24.6%,15.0,Licenciatura,VILLA SOL
Hermosillo,2603000011610,RESIDENCIAL DE ALCALA,253,701,53.8%,46.2%,17%,62.1%,21%,14.5,Preparatoria,RESIDENCIAL DE ALCALA
Hermosillo,2603000011618,VALLE BONITO,111,305,50.2%,49.8%,21.3%,66.9%,11.8%,14.7,Preparatoria,VALLE BONITO
Hermosillo,2603000011619,LLANO VERDE,99,272,50.6%,49.4%,20.2%,51.1%,28.7%,14.9,Preparatoria,LLANO VERDE
Hermosillo,2603000011620,SEMINARIO RDCIAL,115,349,50.7%,49.3%,15.8%,67.9%,16.3%,14.9,Preparatoria,SEMINARIO RDCIAL
Hermosillo,2603000011621,REAL DE LOS ARCOS,46,105,50.5%,49.5%,5.7%,61.9%,32.4%,15.3,Licenciatura,REAL DE LOS ARCOS
Hermosillo,2603000011622,PROGRESO,255,667,52.3%,47.7%,27.6%,65.5%,6.9%,10.8,Secundaria,PROGRESO
Hermosillo,2603000011623,RESIDENCIAL PIMA,61,191,59.7%,40.3%,22.5%,64.4%,13.1%,14.0,Preparatoria,RESIDENCIAL PIMA
Hermosillo,2603000011624,LIRIOS,236,651,52.2%,47.8%,36.9%,60.5%,2.6%,10.6,Secundaria,LIRIOS
Hermosillo,2603000011625,HACIENDA LOS ALCATRACES,151,452,52.7%,47.3%,36.3%,58%,5.8%,9.2,Secundaria,HACIENDA LOS ALCATRACES
Hermosillo,2603000011626,NACAMERI,336,965,53.2%,46.8%,16.6%,56.5%,26.9%,14.0,Preparatoria,NACAMERI
Hermosillo,2603000011627,SAN ANGEL,1080,3117,52.5%,47.5%,20.2%,67%,12.9%,13.1,Preparatoria,SAN ANGEL
Hermosillo,2603000011628,PRADERAS DEL VALLE,222,575,50.7%,49.3%,20.7%,67.7%,11.7%,13.9,Preparatoria,PRADERAS DEL VALLE
Hermosillo,2603000011629,EL MALECON,314,832,50.2%,49.8%,17.9%,52.2%,29.9%,10.3,Secundaria,EL MALECON
Hermosillo,2603000011630,LAS VILLAS,504,1275,52.9%,47.1%,18.1%,64.2%,17.6%,12.3,Secundaria,LAS VILLAS
Hermosillo,2603000011631,SANTA REGINA,17,39,58.8%,41.2%,33.3%,51.3%,15.4%,9.7,Secundaria,SANTA REGINA
Hermosillo,2603000011632,RIO GRANDE,180,547,49.9%,50.1%,19%,72.6%,8.4%,14.7,Preparatoria,RIO GRANDE
Hermosillo,2603000011633,PRIVADA ROSALES,178,555,50.8%,49.2%,24.5%,67.2%,8.3%,14.4,Preparatoria,PRIVADA ROSALES
Hermosillo,2603000011634,EL APACHE,1384,4470,49.3%,50.7%,27.3%,61.9%,10.8%,10.0,Secundaria,EL APACHE
Hermosillo,2603000011635,TIROCAPES,306,998,49.9%,50.1%,29.4%,62.7%,7.9%,9.9,Secundaria,TIROCAPES
Hermosillo,2603000011636,MORELOS,294,914,49%,51%,30.5%,58.8%,10.7%,9.7,Secundaria,MORELOS
Hermosillo,2603000011637,LAS MINITAS,976,3105,49.8%,50.2%,31.5%,61.4%,7.1%,10.0,Secundaria,LAS MINITAS
Hermosillo,2603000011638,SAN JOSE DE LAS MINITAS,660,1790,51.5%,48.5%,34.2%,59.7%,6.1%,10.1,Secundaria,SAN JOSE DE LAS MINITAS
Hermosillo,2603000011639,NUEVA ESPERANZA,291,935,51.3%,48.7%,29.7%,62.8%,7.5%,9.7,Secundaria,NUEVA ESPERANZA
Hermosillo,2603000011640,ALFONSO PERALTA,21,70,48.6%,51.4%,20%,70%,10%,10.6,Secundaria,ALFONSO PERALTA
Hermosillo,2603000011641,PALO VERDE INDEUR,452,1404,50.2%,49.8%,29.4%,61.5%,9%,9.3,Secundaria,PALO VERDE INDEUR
Hermosillo,2603000011642,LOS OLIVOS,1479,4792,51.1%,48.9%,28.6%,60.1%,11.3%,9.4,Secundaria,LOS OLIVOS
Hermosillo,2603000011643,ARCO IRIS,903,2886,49%,51%,34%,60.1%,5.9%,9.6,Secundaria,ARCO IRIS
Hermosillo,2603000011644,HERMOSA PROVINCIA,645,2093,50.1%,49.9%,33.3%,59.6%,7.2%,9.2,Secundaria,HERMOSA PROVINCIA
Hermosillo,2603000011645,AMPLIACION LOS OLIVOS,1384,4595,49.7%,50.3%,32.2%,61.6%,6.2%,9.6,Secundaria,AMPLIACION LOS OLIVOS
Hermosillo,2603000011646,ADOLFO LOPEZ MATEOS ETAPA I,976,3198,49.2%,50.8%,35.3%,57.6%,7.1%,9.5,Secundaria,ADOLFO LOPEZ MATEOS ETAPA I
Hermosillo,2603000011647,CASA LINDA,264,731,51.8%,48.2%,28.5%,69.5%,2.1%,12.5,Secundaria,CASA LINDA
Hermosillo,2603000011648,LOS GIRASOLES,507,994,52%,48%,35.6%,63.6%,0.8%,12.4,Secundaria,LOS GIRASOLES
Hermosillo,2603000011649,COSTA DEL SOL,436,1257,51%,49%,29.1%,65.2%,5.6%,11.2,Secundaria,COSTA DEL SOL
Hermosillo,2603000011650,SANTA CLARA,0,0,,,,,,,,SANTA CLARA
Hermosillo,2603000011651,VILLA HERMOSA,1353,4207,49.9%,50.1%,24.7%,61.8%,13.5%,10.2,Secundaria,VILLA HERMOSA
Hermosillo,2603000011652,EMILIANO ZAPATA,1386,4041,52.1%,47.9%,21.6%,55.3%,23.1%,10.4,Secundaria,EMILIANO ZAPATA
Hermosillo,2603000011654,VILLA SUREÑA,115,357,51.5%,48.5%,29.1%,62.7%,8.1%,9.9,Secundaria,VILLA SUREÑA
Hermosillo,2603000011655,RANCHO GRANDE,1181,3795,50.2%,49.8%,33.8%,62.5%,3.7%,11.1,Secundaria,RANCHO GRANDE
Hermosillo,2603000011657,RESIDENCIAL GALA,961,3001,51.3%,48.7%,33.7%,63.4%,2.9%,10.7,Secundaria,RESIDENCIAL GALA
Hermosillo,2603000011658,TERRANOVA,589,1758,48.7%,51.3%,27.9%,66.6%,5.5%,11.5,Secundaria,TERRANOVA
Hermosillo,2603000011659,LAS CARRETAS,125,448,49.3%,50.7%,30.6%,61.6%,7.8%,9.9,Secundaria,LAS CARRETAS
Hermosillo,2603000011660,RENACIMIENTO,640,2101,49.5%,50.5%,23.1%,71.3%,5.6%,11.9,Secundaria,RENACIMIENTO
Hermosillo,2603000011661,JACARANDAS,30,92,55.4%,44.6%,23.9%,72.8%,3.3%,11.9,Secundaria,JACARANDAS
Hermosillo,2603000011662,CHULA VISTA,363,1101,50.5%,49.5%,22.6%,68.6%,8.8%,12.1,Secundaria,CHULA VISTA
Hermosillo,2603000011663,NUEVO HERMOSILLO,4102,12629,50.9%,49.1%,29.4%,62.4%,8.2%,10.7,Secundaria,NUEVO HERMOSILLO
Hermosillo,2603000011664,ALTAMIRA,534,1697,51.3%,48.7%,32.4%,64.8%,2.9%,11.1,Secundaria,ALTAMIRA
Hermosillo,2603000011665,PARQUE INDUSTRIAL,3,6,,,,,,,,PARQUE INDUSTRIAL
Hermosillo,2603000011667,RINCON DEL MARQUEZ,118,351,47%,53%,31.3%,65.5%,3.1%,11.0,Secundaria,RINCON DEL MARQUEZ
Hermosillo,2603000011668,LOMAS DEL MARQUEZ,203,656,50.8%,49.2%,22.4%,70.1%,7.5%,11.8,Secundaria,LOMAS DEL MARQUEZ
Hermosillo,2603000011669,CUAUHTEMOC,1699,4647,51.7%,48.3%,18.9%,61%,20.1%,12.7,Secundaria,CUAUHTEMOC
Hermosillo,2603000011670,LOS ALAMOS,711,2232,50.6%,49.4%,35.1%,59.2%,5.7%,9.8,Secundaria,LOS ALAMOS
Hermosillo,2603000011671,ADOLFO DE LA HUERTA,379,1170,51.5%,48.5%,24%,55.4%,20.6%,9.6,Secundaria,ADOLFO DE LA HUERTA
Hermosillo,2603000011672,Y GRIEGA,707,1904,50.1%,49.9%,23.4%,56.3%,20.3%,10.1,Secundaria,Y GRIEGA
Hermosillo,2603000011673,PERISUR,389,1164,50.9%,49.1%,27%,65.1%,7.9%,13.2,Preparatoria,PERISUR
Hermosillo,2603000011674,AKIWIKI,187,539,46.4%,53.6%,20.4%,58.3%,21.3%,8.9,Primaria,AKIWIKI
Hermosillo,2603000011675,LAS LOMAS SECCION BONITA,681,2282,51.2%,48.8%,31.1%,65.7%,3.2%,12.7,Secundaria,LAS LOMAS SECCION BONITA
Hermosillo,2603000011676,LOMAS DEL MIRADOR,319,1000,47.1%,52.9%,27.9%,65.8%,6.3%,11.9,Secundaria,LOMAS DEL MIRADOR
Hermosillo,2603000011677,LAS LOMAS DEL SOL,216,703,49.8%,50.2%,24%,70.1%,5.8%,12.4,Secundaria,LAS LOMAS DEL SOL
Hermosillo,2603000011678,LOMAS DEL SUR,171,530,51.3%,48.7%,22.3%,71.5%,6.2%,11.6,Secundaria,LOMAS DEL SUR
Hermosillo,2603000011679,PRIVADA LOMA ALTA,148,414,52.9%,47.1%,22.9%,65.5%,11.6%,13.7,Preparatoria,PRIVADA LOMA ALTA
Hermosillo,2603000011680,PRIV REAL DEL PARQUE,700,2227,51.6%,48.4%,27.8%,65.9%,6.4%,12.8,Secundaria,PRIV REAL DEL PARQUE
Hermosillo,2603000011681,LAS LOMAS,356,981,52.4%,47.6%,24.4%,67.6%,8.1%,13.1,Preparatoria,LAS LOMAS
Hermosillo,2603000011682,LOMAS DE CORTEZ,218,673,50.1%,49.9%,24.7%,71.8%,3.6%,12.2,Secundaria,LOMAS DE CORTEZ
Hermosillo,2603000011683,PEDREGAL DE LA VILLA,1820,5044,49%,51%,20.5%,57.8%,21.7%,10.0,Secundaria,PEDREGAL DE LA VILLA
Hermosillo,2603000011684,VILLA DE SERIS,2095,5479,51.7%,48.3%,19.5%,56.1%,24.4%,11.3,Secundaria,VILLA DE SERIS
Hermosillo,2603000011686,CERRO DE LA CAMPANA,56,126,47.9%,52.1%,30.2%,54%,15.9%,10.6,Secundaria,CERRO DE LA CAMPANA
Hermosillo,2603000011687,LAS PILAS,229,785,49.6%,50.4%,26%,57.6%,16.4%,9.4,Secundaria,LAS PILAS
Hermosillo,2603000011688,ANGEL FLORES,47,150,50.3%,49.7%,31.3%,56.7%,12%,11.0,Secundaria,ANGEL FLORES
Hermosillo,2603000011689,LA MATANZA,92,269,46.4%,53.6%,25.7%,49.8%,24.5%,9.5,Secundaria,LA MATANZA
Hermosillo,2603000011690,PASEO CASA BLANCA,214,503,51.3%,48.7%,19.3%,56.3%,24.5%,13.8,Preparatoria,PASEO CASA BLANCA
Hermosillo,2603000011692,DEL RAZO,22,43,46.5%,53.5%,4.7%,67.4%,27.9%,15.9,Licenciatura,DEL RAZO
Hermosillo,2603000011693,SAN JUAN,247,590,51.4%,48.6%,18%,62.4%,19.7%,13.1,Preparatoria,SAN JUAN
Hermosillo,2603000011694,HACIENDA DE LA FLOR,508,1590,48.9%,51.1%,25.5%,58.7%,15.8%,10.1,Secundaria,HACIENDA DE LA FLOR
Hermosillo,2603000011695,VILLA DEL PITIC,197,561,53.5%,46.5%,13.7%,64.2%,22.1%,12.7,Secundaria,VILLA DEL PITIC
Hermosillo,2603000011696,REVOLUCION 1,445,1439,51.7%,48.3%,20.7%,57.3%,22%,11.0,Secundaria,REVOLUCION 1
Hermosillo,2603000011697,UNIVERSIDAD,346,1075,55.6%,44.4%,21.3%,57.4%,21.3%,11.8,Secundaria,UNIVERSIDAD
Hermosillo,2603000011698,LOS NARANJOS,883,2604,50.8%,49.2%,23.2%,52.2%,24.6%,9.7,Secundaria,LOS NARANJOS
Hermosillo,2603000011699,IRRIGACION,27,86,58.1%,41.9%,25.6%,47.7%,26.7%,9.9,Secundaria,IRRIGACION
Hermosillo,2603000011700,REAL DEL PITIC,21,56,53.6%,46.4%,16.1%,58.9%,25%,14.6,Preparatoria,REAL DEL PITIC
Hermosillo,2603000011701,CERRO 01,18,64,40.6%,59.4%,18.8%,62.5%,18.8%,8.9,Primaria,CERRO 01
Hermosillo,2603000011702,TIRO AL BLANCO,160,512,48.1%,51.9%,30.7%,57%,12.3%,9.2,Secundaria,TIRO AL BLANCO
Hermosillo,2603000011703,EL JITO,13,36,45.2%,54.8%,27.8%,55.6%,16.7%,8.5,Primaria,EL JITO
Hermosillo,2603000011704,CERRO 04,69,178,41%,59%,23%,53.9%,23%,8.7,Primaria,CERRO 04
Hermosillo,2603000011706,SIN NOMBRE 06,3,92,,,,,,,,SIN NOMBRE 06
Hermosillo,2603000011707,COUNTRY CLUB,250,582,53.4%,46.6%,16.5%,51.7%,31.8%,13.1,Preparatoria,COUNTRY CLUB
Hermosillo,2603000011710,INALAMBRICA,38,78,55.1%,44.9%,7.7%,52.6%,39.7%,13.7,Preparatoria,INALAMBRICA
Hermosillo,2603000011711,LA MANGA,821,2422,50.8%,49.2%,27.7%,57.6%,14.7%,10.8,Secundaria,LA MANGA
Hermosillo,2603000011745,FOVISSSTE,718,1928,51.2%,48.8%,22.6%,54.1%,23.3%,12.2,Secundaria,FOVISSSTE
Hermosillo,2603000011746,LA VERBENA,1161,3236,51.3%,48.7%,30%,64.2%,5.7%,13.8,Preparatoria,LA VERBENA
Hermosillo,2603000011747,DILIGENCIAS,154,307,45%,55%,29.6%,64.2%,6.2%,10.7,Secundaria,DILIGENCIAS
Hermosillo,2603000011748,SIERRA CLARA,90,280,51.8%,48.2%,40%,56.8%,3.2%,10.9,Secundaria,SIERRA CLARA
Hermosillo,2603000011750,SIN NOMBRE 50,0,0,,,,,,,,SIN NOMBRE 50
Hermosillo,2603000011753,LA CEMENTERA,0,0,,,,,,,,LA CEMENTERA
Hermosillo,2603000011755,PRIVADA DOS LAS LOMAS,34,99,48.5%,51.5%,21.2%,68.7%,10.1%,14.8,Preparatoria,PRIVADA DOS LAS LOMAS
Hermosillo,2603000011756,ARANDANOS RESIDENCIAL,623,2018,50.6%,49.4%,32.1%,64.1%,3.8%,11.4,Secundaria,ARANDANOS RESIDENCIAL
Hermosillo,2603000011757,PRIVADAS DEL REAL,1240,4322,50%,50%,37.7%,59.6%,2.7%,10.0,Secundaria,PRIVADAS DEL REAL
Hermosillo,2603000011759,PASEO SAN ANGEL,621,1706,51.9%,48.1%,27.9%,66.5%,5.6%,13.3,Preparatoria,PASEO SAN ANGEL
Hermosillo,2603000011760,PASEO SAN NGEL SECC LAS PLACITAS,495,1347,52%,48%,29.8%,64.5%,5.7%,13.2,Preparatoria,PASEO SAN NGEL SECC LAS PLACITAS
Hermosillo,2603000011761,PASEO SAN NGEL SECC LOS ALAMOS,367,1051,48.8%,51.2%,34.3%,61.2%,4.5%,12.1,Secundaria,PASEO SAN NGEL SECC LOS ALAMOS
Hermosillo,2603000011762,SIN NOMBRE 62,20,3212,35.3%,64.7%,99.7%,0.2%,0.1%,6.4,Primaria,SIN NOMBRE 62
Hermosillo,2603000011763,LAS LOMAS SECC LOS MANZANOS,229,691,49.3%,50.7%,32.7%,62.5%,4.8%,11.5,Secundaria,LAS LOMAS SECC LOS MANZANOS
Hermosillo,2603000011764,PRIV RESIDENCIAL MONACO,55,194,46.4%,53.6%,37.1%,57.2%,5.7%,15.3,Licenciatura,PRIV RESIDENCIAL MONACO
Hermosillo,2603000011765,REAL DE MINAS,904,2758,50.7%,49.3%,37.1%,59.1%,3.8%,9.8,Secundaria,REAL DE MINAS
Hermosillo,2603000011766,SAHUARO,3560,11002,50.4%,49.6%,24.9%,60.4%,14.7%,10.5,Secundaria,SAHUARO
Hermosillo,2603000011767,EL RANCHITO,1556,4887,50.8%,49.2%,25%,54.5%,20.5%,9.5,Secundaria,EL RANCHITO
Hermosillo,2603000011768,LAS QUINTAS,910,2120,52.3%,47.7%,12.7%,57.7%,29.6%,14.3,Preparatoria,LAS QUINTAS
Hermosillo,2603000011769,LOS ARCOS,834,1932,53%,47%,12.8%,49.9%,37.3%,14.1,Preparatoria,LOS ARCOS
Hermosillo,2603000011770,LAS PRADERAS,516,1483,52%,48%,16.7%,70.4%,12.9%,14.2,Preparatoria,LAS PRADERAS
Hermosillo,2603000011771,VALLE DE MARQUEZ,954,2950,51.3%,48.7%,23.5%,71.2%,5.3%,12.4,Secundaria,VALLE DE MARQUEZ
Hermosillo,2603000011772,NUEVA PALMIRA,190,518,50.8%,49.2%,29.5%,60.8%,9.7%,13.6,Preparatoria,NUEVA PALMIRA
Hermosillo,2603000011773,VILLA DE PARRAS,252,887,51.1%,48.9%,29.8%,61.3%,8.9%,15.0,Licenciatura,VILLA DE PARRAS
Hermosillo,2603000011776,VILLA CALIFORNIA,198,623,50.2%,49.8%,31.9%,63.4%,4.7%,14.3,Preparatoria,VILLA CALIFORNIA
Hermosillo,2603000011777,SANTA BARBARA,133,429,51.8%,48.2%,34.5%,64.8%,0.7%,12.7,Secundaria,SANTA BARBARA
Hermosillo,2603000011778,CERRADA DE MINAS,366,1212,48.8%,51.2%,40.6%,56.4%,3%,9.5,Secundaria,CERRADA DE MINAS
Hermosillo,2603000011779,TUMACACORI,485,1574,52.2%,47.8%,37.2%,60%,2.9%,11.2,Secundaria,TUMACACORI
Hermosillo,2603000011780,MONTECARLO,1049,3179,51.1%,48.9%,28.2%,65.6%,6.2%,14.7,Preparatoria,MONTECARLO
Hermosillo,2603000011781,PUEBLO BONITO,229,634,49.5%,50.5%,29%,65.3%,5.7%,13.5,Preparatoria,PUEBLO BONITO
Hermosillo,2603000011782,PUEBLO DEL ORO,80,204,52.8%,47.2%,34.3%,61.8%,3.9%,13.5,Preparatoria,PUEBLO DEL ORO
Hermosillo,2603000011784,CASA BONITA RESIDENCIAL,735,2151,52.6%,47.4%,33.8%,60.9%,5.3%,12.2,Secundaria,CASA BONITA RESIDENCIAL
Hermosillo,2603000011785,JORGE VALDEZ MUÑOZ,366,1081,50.1%,49.9%,35.7%,57.7%,6.6%,9.4,Secundaria,JORGE VALDEZ MUÑOZ
Hermosillo,2603000011786,LAS LOMAS SECC ALMENDROS,222,725,53.4%,46.6%,34.1%,60.7%,5.2%,13.1,Preparatoria,LAS LOMAS SECC ALMENDROS
Hermosillo,2603000011787,LAS LOMAS SECC CASTAÑOS,172,491,49.9%,50.1%,30.5%,61.5%,7.9%,13.8,Preparatoria,LAS LOMAS SECCION CASTAÑOS
Hermosillo,2603000011788,LOS SAUCES,89,282,52.5%,47.5%,21.6%,66.7%,11.7%,13.2,Preparatoria,LOS SAUCES
Hermosillo,2603000011791,CASERIO SOLAR,45,127,54.3%,45.7%,17.3%,49.6%,33.1%,14.3,Preparatoria,CASERIO SOLAR
Hermosillo,2603000011792,SANTA LUCIA,160,544,52.2%,47.8%,21.9%,66.7%,11.4%,14.5,Preparatoria,SANTA LUCIA
Hermosillo,2603000011793,FRANCISCO EUSEBIO KINO,147,410,54.1%,45.9%,19%,50.5%,30.5%,12.8,Secundaria,FRANCISCO EUSEBIO KINO
Hermosillo,2603000011794,SAN PABLO,368,943,51.6%,48.4%,29.6%,59.2%,11.2%,11.0,Secundaria,SAN PABLO
Hermosillo,2603000011796,LA FLORESTA,61,219,50.2%,49.8%,40.2%,57.1%,2.7%,10.8,Secundaria,LA FLORESTA
Hermosillo,2603000011797,CERRADA DEL ANGEL,452,1323,50.6%,49.4%,34.7%,61.8%,3.5%,12.7,Secundaria,CERRADA DEL ANGEL
Hermosillo,2603000011799,PUEBLO DEL SOL,541,1790,50.9%,49.1%,36.6%,59.1%,4.2%,10.5,Secundaria,PUEBLO DEL SOL
Hermosillo,2603000011802,CASA BLANCA,167,381,54.6%,45.4%,13.4%,49.6%,37%,14.5,Preparatoria,CASA BLANCA
Hermosillo,2603000011805,LAS LOMAS SECCION PARAISO,29,78,55.1%,44.9%,29.5%,61.5%,9%,13.2,Preparatoria,LAS LOMAS SECCION PARAISO
Hermosillo,2603000011806,RESIDENCIAL VILLA BONITA,3635,9937,51.1%,48.9%,32%,63.7%,4.3%,14.4,Preparatoria,RESIDENCIAL VILLA BONITA
Hermosillo,2603000011809,PEÑASCO RESIDENCIAL,175,547,53.7%,46.3%,20.5%,72.6%,6.9%,14.3,Preparatoria,PEÑASCO RESIDENCIAL
Hermosillo,2603000011810,MONTEBELLO RESIDENCIAL,11,37,73%,27%,18.9%,59.5%,21.6%,15.5,Licenciatura,MONTEBELLO RESIDENCIAL
Hermosillo,2603000011813,PRADERAS DEL SOL,127,386,45.3%,54.7%,36.5%,57.8%,5.7%,9.5,Secundaria,PRADERAS DEL SOL
Hermosillo,2603000011814,PALERMO RESIDENCIAL,325,1174,52.8%,47.2%,27.7%,67%,5.3%,14.6,Preparatoria,PALERMO RESIDENCIAL
Hermosillo,2603000011815,PALO VERDE,3845,11370,50.2%,49.8%,23.1%,57.2%,19.7%,9.9,Secundaria,PALO VERDE
Hermosillo,2603000011820,SANTA FE,277,806,48.3%,51.7%,31.8%,61.4%,6.8%,11.4,Secundaria,SANTA FE
Hermosillo,2603000011821,COLINAS DEL SOL,310,791,51.7%,48.3%,34.4%,61.6%,4%,12.6,Secundaria,COLINAS DEL SOL
Hermosillo,2603000011822,MIXCOAC,215,567,48.2%,51.8%,31.2%,62.1%,6.7%,14.2,Preparatoria,MIXCOAC
Hermosillo,2603000011823,SAN BERNARDINO,103,335,52.2%,47.8%,24.8%,66.6%,8.7%,14.9,Preparatoria,SAN BERNARDINO
Hermosillo,2603000011824,PRADERAS DEL REAL,160,490,50.4%,49.6%,36.9%,59%,4.1%,9.2,Secundaria,PRADERAS DEL REAL
Hermosillo,2603000011827,LA FLORESTA SECC VILLA FRESNOS,144,470,52.6%,47.4%,36%,62.6%,1.5%,10.5,Secundaria,LA FLORESTA SECC VILLA FRESNOS
Hermosillo,2603000011828,LA FLORESTA SECC CEIBA,345,1183,50.5%,49.5%,33.1%,62.9%,4%,10.3,Secundaria,LA FLORESTA SECC CEIBA
Hermosillo,2603000011831,LA FLORESTA SECC CIRUELOS,240,781,49.8%,50.2%,35.6%,60.2%,4.2%,10.3,Secundaria,LA FLORESTA SECC CIRUELOS
Hermosillo,2603000011835,BUENA VISTA,89,290,51.4%,48.6%,26.6%,65.5%,7.9%,11.4,Secundaria,BUENA VISTA
Hermosillo,2603000011837,LOTE BALDIO 37,1,0,,,,,,,,LOTE BALDIO 37
Hermosillo,2603000011838,EL 33,57,179,52%,48%,35.2%,57.5%,7.3%,9.4,Secundaria,EL 33
Hermosillo,2603000011839,MARSELLA RESIDENCIAL,341,1070,51.1%,48.9%,30.2%,62.9%,6.9%,14.6,Preparatoria,MARSELLA RESIDENCIAL
Hermosillo,2603000011841,UNIDAD HABITACIONAL ZONA MILITAR,38,113,53.1%,46.9%,15.9%,60.2%,23.9%,15.1,Licenciatura,UNIDAD HABITACIONAL ZONA MILITAR
Hermosillo,2603000011842,ARBOLEDAS,645,1953,51.4%,48.6%,32.3%,62.2%,5.5%,10.7,Secundaria,ARBOLEDAS
Hermosillo,2603000011844,TOSALI,114,378,51.1%,48.9%,31%,64%,5%,14.7,Preparatoria,TOSALI
Hermosillo,2603000011845,VILLA TOSCANA,128,432,53.9%,46.1%,30.6%,64.4%,5.1%,14.6,Preparatoria,VILLA TOSCANA
Hermosillo,2603000011846,ALTA CALIFORNIA RESIDENCIAL,87,293,55.6%,44.4%,25.3%,61.8%,13%,14.7,Preparatoria,ALTA CALIFORNIA RESIDENCIAL
Hermosillo,2603000011847,ARANJUEZ RESIDENCIAL,304,841,51%,49%,36.3%,61.6%,2.1%,15.0,Licenciatura,ARANJUEZ RESIDENCIAL
Hermosillo,2603000011848,URBI VILLA DEL REY,1876,5748,50.9%,49.1%,34.9%,61.8%,3.3%,13.3,Preparatoria,URBI VILLA DEL REY
Hermosillo,2603000011849,DIAMANTE,155,437,45.8%,54.2%,30.9%,65.7%,3.4%,14.2,Preparatoria,DIAMANTE
Hermosillo,2603000011850,PUERTA GRANDE RESIDENCIAL,47,205,54.6%,45.4%,27.3%,72.7%,0%,15.1,Licenciatura,PUERTA GRANDE RESIDENCIAL
Hermosillo,2603000011851,ASTURIAS RESIDENCIAL,109,287,49.5%,50.5%,34.1%,56.8%,9.1%,15.0,Licenciatura,ASTURIAS RESIDENCIAL
Hermosillo,2603000011852,VISTA DEL LAGO,22,84,54.8%,45.2%,20.2%,67.9%,11.9%,14.9,Preparatoria,VISTA DEL LAGO
Hermosillo,2603000011853,RESIDENCIAL VALLE DEL LAGO,447,1441,51.2%,48.8%,27.8%,63.6%,8.5%,14.4,Preparatoria,RESIDENCIAL VALLE DEL LAGO
Hermosillo,2603000011854,RINCON DEL RAQUET RESIDENCIAL,89,238,50.4%,49.6%,14.3%,52.1%,33.6%,14.9,Preparatoria,RINCON DEL RAQUET RESIDENCIAL
Hermosillo,2603000011855,LOMAS DE REFORMA,74,261,50.2%,49.8%,31.8%,60.5%,7.7%,10.2,Secundaria,LOMAS DE REFORMA
Hermosillo,2603000011856,PARQUE INDUSTRIAL DINATECH,116,329,50.8%,49.2%,31.6%,63.5%,4.9%,9.7,Secundaria,PARQUE INDUSTRIAL DINATECH
Hermosillo,2603000011858,LOMAS DEL BARROCAN RESIDENCIAL,26,68,57.6%,42.4%,19.1%,61.8%,19.1%,14.3,Preparatoria,LOMAS DEL BARROCAN RESIDENCIAL
Hermosillo,2603000011860,FLORESTA SECCION VILLA ALMENDRAS,199,618,47.9%,52.1%,34.8%,62.8%,2.4%,10.3,Secundaria,FLORESTA SECCION VILLA ALMENDRAS
Hermosillo,2603000011867,ALVARO OBREGON,2180,6313,50.1%,49.9%,21.1%,62%,16.9%,11.6,Secundaria,ALVARO OBREGON
Hermosillo,2603000011868,MISSION,547,1606,51.5%,48.5%,20.2%,58.2%,21.6%,11.8,Secundaria,MISSION
Hermosillo,2603000011869,INSURGENTES,2538,8621,49.5%,50.5%,29.2%,60.2%,10.7%,10.0,Secundaria,INSURGENTES
Hermosillo,2603000011872,REAL DE QUIROGA,254,728,52.4%,47.6%,29.4%,59.6%,11%,15.1,Licenciatura,REAL DE QUIROGA
Hermosillo,2603000011874,PALMA DORADA,483,1503,52.2%,47.8%,40.5%,58.5%,1%,10.3,Secundaria,PALMA DORADA
Hermosillo,2603000011880,REAL DEL MONTEJO,101,303,52.2%,47.8%,27.1%,58.1%,14.9%,14.9,Preparatoria,REAL DEL MONTEJO
Hermosillo,2603000011883,ESPLENDOR,707,2244,50.2%,49.8%,36.6%,60.8%,2.5%,14.7,Preparatoria,ESPLENDOR
Hermosillo,2603000011884,VALLE DE LOS ALMENDROS,175,593,49.4%,50.6%,41%,56.5%,2.5%,9.9,Secundaria,VALLE DE LOS ALMENDROS
Hermosillo,2603000011898,BENEI,212,597,49.9%,50.1%,34.2%,63.8%,2%,14.2,Preparatoria,BENEI
Hermosillo,2603000011899,SANTA MARTHA,294,812,54.1%,45.9%,34.4%,64%,1.6%,15.2,Licenciatura,SANTA MARTHA
Hermosillo,2603000011900,LA CHOLLA,2207,6343,49.4%,50.6%,38.2%,57.5%,4.3%,8.9,Primaria,LA CHOLLA
Hermosillo,2603000011904,RIO DE LA PLATA RESIDENCIAL,328,898,50.9%,49.1%,36.9%,61.8%,1.3%,13.7,Preparatoria,RIO DE LA PLATA RESIDENCIAL
Hermosillo,2603000011905,VILLAS DEL REAL,3916,12055,50.9%,49.1%,32.3%,63.2%,4.5%,10.9,Secundaria,VILLAS DEL REAL
Hermosillo,2603000011907,VILLAS DEL MEDITERRANEO,1049,2960,52.8%,47.2%,29.6%,62%,8.3%,14.7,Preparatoria,VILLAS DEL MEDITERRANEO
Hermosillo,2603000011914,QUINTA REAL,131,411,52.6%,47.4%,41.1%,54.3%,4.6%,9.9,Secundaria,QUINTA REAL
Hermosillo,2603000011915,HACIENDA DEL SOL,178,539,50.5%,49.5%,26.9%,66%,7.1%,11.2,Secundaria,HACIENDA DEL SOL
Hermosillo,2603000011916,VISTA BELLA,73,256,48%,52%,22.7%,65.6%,11.7%,10.5,Secundaria,VISTA BELLA
Hermosillo,2603000011917,LORENZO RESIDENCIAL,30,88,51.1%,48.9%,11.4%,62.5%,26.1%,14.4,Preparatoria,LORENZO RESIDENCIAL
Hermosillo,2603000011919,REAL DEL CARMEN RESIDENCIAL,1817,5222,51%,49%,37.7%,58.2%,4%,10.5,Secundaria,REAL DEL CARMEN RESIDENCIAL
Hermosillo,2603000011928,SAN GERMAN,93,274,50%,50%,35.8%,60.6%,3.6%,10.6,Secundaria,SAN GERMAN
Hermosillo,2603000011929,VILLA VERDE CERRADA SAN LUIS,246,760,48.6%,51.4%,37.1%,59.6%,3.3%,9.7,Secundaria,VILLA VERDE CERRADA SAN LUIS
Hermosillo,2603000011933,PUEBLITOS,0,0,,,,,,,,PUEBLITOS
Hermosillo,2603000011938,LA CARIDAD,915,2819,51.5%,48.5%,31.3%,64.5%,4.3%,11.1,Secundaria,LA CARIDAD
Hermosillo,2603000011948,GALA 2,468,1556,49.9%,50.1%,39%,59.2%,1.8%,10.6,Secundaria,GALA 2
Hermosillo,2603000011973,CERRADA CORONADO,101,305,48.9%,51.1%,28.2%,67.5%,4.3%,13.5,Preparatoria,CERRADA CORONADO
Hermosillo,2603000011977,LOS ALTOS RESIDENCIAL,111,344,52.9%,47.1%,17.4%,58.4%,24.1%,13.0,Preparatoria,LOS ALTOS RESIDENCIAL
Hermosillo,2603000011978,RINC0N AGRADABLE,21,70,51.4%,48.6%,25.7%,67.1%,7.1%,11.1,Secundaria,RINC0N AGRADABLE
Hermosillo,2603000011981,LOS ARROYOS,1555,4411,49.3%,50.7%,37.6%,57.7%,4.8%,9.4,Secundaria,LOS ARROYOS
Hermosillo,2603000011984,REAL DE QUIROGA SECCION MADRIGAL,181,601,50.9%,49.1%,35.9%,60.2%,3.8%,14.9,Preparatoria,REAL DE QUIROGA SECCION MADRIGAL
Hermosillo,2603000011985,PASEO DE LAS MISIONES,140,451,50.8%,49.2%,32.4%,61.2%,6.4%,15.4,Licenciatura,PASEO DE LAS MISIONES
Hermosillo,2603000011986,LA ENCANTADA,399,1343,52.8%,47.2%,29.7%,64%,6.3%,15.2,Licenciatura,LA ENCANTADA
Hermosillo,2603000011987,LOS SANTOS,135,439,50.1%,49.9%,35.1%,56.9%,8%,14.7,Preparatoria,LOS SANTOS
Hermosillo,2603000012003,BUROCRATA MUNICIPAL,542,1800,51.3%,48.7%,27.4%,63.4%,9.2%,10.5,Secundaria,BURÓCRATA MUNICIPAL
Hermosillo,2603000012005,MALLORCA RESIDENCIAL,982,2947,50.1%,49.9%,37.1%,59.8%,3.1%,10.4,Secundaria,MALLORCA RESIDENCIAL
Hermosillo,2603000012021,AGAVES RESIDENCIAL,268,814,51.7%,48.3%,36.6%,60.1%,3.3%,13.9,Preparatoria,AGAVES RESIDENCIAL
Hermosillo,2603000012022,QUINTAS DEL SOL RESIDENCIAL,2133,6368,51.1%,48.9%,39.3%,59.4%,1.3%,11.0,Secundaria,QUINTAS DEL SOL RESIDENCIAL
Hermosillo,2603000012024,VILLA VERDE CERRADA SAN EFRAIN,207,609,48.1%,51.9%,36%,60.6%,3.4%,9.8,Secundaria,VILLA VERDE CERRADA SAN EFRAIN
Hermosillo,2603000012064,NUEVA ILUSION,515,1182,44.6%,55.4%,53.1%,41.5%,5.4%,8.1,Primaria,NUEVA ILUSION
Hermosillo,2603000012078,CONDOMINIOS INN,52,52,44.2%,55.8%,15.4%,67.3%,17.3%,15.6,Licenciatura,CONDOMINIOS INN
Hermosillo,2603000012098,OASIS DEL SOL,339,1028,49.4%,50.6%,38%,59.5%,2.4%,11.2,Secundaria,OASIS DEL SOL
Hermosillo,2603000012099,PUERTA ESMERALDA,192,604,52.6%,47.4%,40.9%,58.6%,0.5%,11.4,Secundaria,PUERTA ESMERALDA
Hermosillo,2603000012110,URBI ALAMEDA LOS ENCINOS,693,2073,51.4%,48.6%,31.5%,65.9%,2.6%,14.2,Preparatoria,URBI ALAMEDA LOS ENCINOS
Hermosillo,2603000012113,LA ANTORCHA,258,568,47.5%,52.5%,32.7%,56.3%,10.9%,8.2,Primaria,LA ANTORCHA
Hermosillo,2603000012155,CERRADA SAN RAFAEL,200,546,53.1%,46.9%,33.3%,63%,3.7%,14.4,Preparatoria,CERRADA SAN RAFAEL
Hermosillo,2603000012156,OASIS SOLANA,343,918,49.9%,50.1%,34.4%,64.1%,1.5%,11.6,Secundaria,OASIS SOLANA
Hermosillo,2603000012166,VILLA LOURDES,322,855,53.9%,46.1%,32.2%,61.1%,6.8%,14.7,Preparatoria,VILLA LOURDES
Hermosillo,2603000012167,GENOVA RESIDENCIAL,42,111,49.5%,50.5%,35.1%,59.5%,5.4%,15.2,Licenciatura,GENOVA RESIDENCIAL
Hermosillo,2603000012168,CASA ALTA RDCIAL,250,402,48%,52%,42%,55.2%,2.7%,9.5,Secundaria,CASA ALTA RESIDENCIAL
Hermosillo,2603000012169,PASEOS DEL PEDREGAL,477,1384,49.6%,50.4%,40.4%,56.9%,2.7%,9.6,Secundaria,PASEOS DEL PEDREGAL
Hermosillo,2603000012170,TIERRA NUEVA,1664,4951,48.6%,51.4%,39.7%,57.1%,3.2%,9.2,Secundaria,TIERRA NUEVA
Hermosillo,2603000012171,LOS PINOS RDCIAL,1293,3887,49.2%,50.8%,40%,58%,2%,10.2,Secundaria,LOS PINOS RDCIAL
Hermosillo,2603000012172,PRIVADAS DEL SAUCE,226,684,49%,51%,35.2%,62.9%,1.9%,12.2,Secundaria,PRIVADAS DEL SAUCE
Hermosillo,2603000012174,ANDALUCIA,40,127,51.2%,48.8%,24.4%,70.1%,5.5%,15.4,Licenciatura,ANDALUCIA
Hermosillo,2603000012176,PUERTA REAL,7175,19748,49.8%,50.2%,35.9%,61.3%,2.9%,13.0,Preparatoria,PUERTA REAL
Hermosillo,2603000012178,MILAN,112,351,52.1%,47.9%,30.8%,62.4%,6.8%,14.5,Preparatoria,MILAN
Hermosillo,2603000012194,TIERRA COLORADA,380,1110,51.9%,48.1%,36.3%,62%,1.7%,12.8,Secundaria,TIERRA COLORADA
Hermosillo,2603000012196,VILLAS DEL SUR,2535,8309,49.7%,50.3%,38.5%,58.6%,2.9%,10.7,Secundaria,VILLAS DEL SUR
Hermosillo,2603000012200,TULIPANES RESIDENCIAL,267,759,52.8%,47.2%,36.5%,60.2%,3.3%,13.3,Preparatoria,TULIPANES RESIDENCIAL
Hermosillo,2603000012224,LOMAS PLUS,132,380,48.4%,51.6%,24.2%,69.5%,6.3%,13.4,Preparatoria,LOMAS PLUS
Hermosillo,2603000012225,URBI ALAMEDA LOS ENCINOS II,659,2111,51%,49%,34%,63.1%,2.8%,14.6,Preparatoria,URBI ALAMEDA LOS ENCINOS II
Hermosillo,2603000012226,PRIVADA PARQUE ALAMEDA,0,0,,,,,,,,PRIVADA PARQUE ALAMEDA
Hermosillo,2603000012233,LA RIOJA,343,1216,50.3%,49.7%,34.1%,61.2%,4.7%,14.5,Preparatoria,LA RIOJA
Hermosillo,2603000012234,EL CONQUISTADOR,430,1232,51.1%,48.9%,31.5%,64.2%,4.3%,15.3,Licenciatura,EL CONQUISTADOR
Hermosillo,2603000012238,TERRA BLANCA,83,297,52.5%,47.5%,30.6%,56.9%,12.5%,14.7,Preparatoria,TERRA BLANCA
Hermosillo,2603000012242,SALVATIERRA RESIDENCIAL,218,696,53%,47%,29.9%,59.8%,10.3%,14.8,Preparatoria,SALVATIERRA RESIDENCIAL
Hermosillo,2603000012244,COMPOSTELA RESIDENCIAL,87,350,50.6%,49.4%,33.1%,62.3%,4.6%,14.6,Preparatoria,COMPOSTELA RESIDENCIAL
Hermosillo,2603000012246,SAN ANDRES RESIDENCIAL,17,63,57.1%,42.9%,36.5%,63.5%,0%,14.8,Preparatoria,SAN ANDRES RESIDENCIAL
Hermosillo,2603000012252,LOS POETAS,137,396,53.3%,46.7%,30.3%,63.4%,6.3%,9.9,Secundaria,LOS POETAS
Hermosillo,2603000012253,URBI VILLA DEL CEDRO,1689,4701,51.1%,48.9%,36.2%,61.4%,2.5%,12.9,Secundaria,URBI VILLA DEL CEDRO
Hermosillo,2603000012255,CORDOBA RDCIAL,80,207,51.2%,48.8%,41.1%,58.9%,0%,11.0,Secundaria,CORDOBA RDCIAL
Hermosillo,2603000012266,VISTA REAL,533,1607,49.8%,50.2%,39.1%,59.7%,1.1%,10.6,Secundaria,VISTA REAL
Hermosillo,2603000012286,OASIS PALMEIRA,308,896,52.2%,47.8%,39.4%,59%,1.6%,12.5,Secundaria,OASIS PALMEIRA
Hermosillo,2603000012287,JARDINES DE MONACO,137,446,50.9%,49.1%,32.1%,65.2%,2.7%,15.0,Licenciatura,JARDINES DE MONACO
Hermosillo,2603000012291,GUAYACAN,272,682,46.8%,53.2%,32.6%,59.4%,8.1%,7.6,Primaria,GUAYACAN
Hermosillo,2603000012294,LOMAS DEL NORTE,286,1005,51.1%,48.9%,39.1%,55.3%,5.6%,8.9,Primaria,LOMAS DEL NORTE
Hermosillo,2603000012295,LA CAMPIÑA,273,810,49.7%,50.3%,35.1%,59%,5.9%,13.0,Preparatoria,LA CAMPIÑA
Hermosillo,2603000012299,PARADA CANO,165,466,51.9%,48.1%,22.7%,63.9%,13.3%,11.8,Secundaria,PARADA CANO
Hermosillo,2603000012308,FLORESTA SECCION CIPRES,234,811,50.6%,49.4%,39.6%,58.9%,1.5%,10.4,Secundaria,FLORESTA SECCION CIPRES
Hermosillo,2603000012316,PORTAL DEL LAGO,89,220,51.4%,48.6%,33.2%,65%,1.8%,15.3,Licenciatura,PORTAL DEL LAGO
Hermosillo,2603000012323,LAS PEREDAS (GABY PEREDA I),472,1385,49.5%,50.5%,42.4%,52.1%,5.5%,8.1,Primaria,LAS PEREDAS (GABY PEREDA I)
Hermosillo,2603000012325,LAS TRES REYNAS,435,1088,47.4%,52.6%,38.2%,56.5%,5.2%,7.7,Primaria,LAS TRES REYNAS
Hermosillo,2603000012326,BANUS,613,1660,51.5%,48.5%,26.3%,67.8%,6%,15.2,Licenciatura,BANUS
Hermosillo,2603000012330,QUINTAEMILIA,14,44,64.3%,35.7%,18.2%,72.7%,9.1%,15.8,Licenciatura,QUINTAEMILIA
Hermosillo,2603000012333,CALISTOGA,3,15,46.7%,53.3%,26.7%,73.3%,0%,14.5,Preparatoria,CALISTOGA
Hermosillo,2603000012355,PUERTA DE HIERRO,16,39,36.4%,63.6%,76.9%,15.4%,7.7%,15.2,Licenciatura,PUERTA DE HIERRO
Hermosillo,2603000012361,SAN MARCOS,935,2657,51.6%,48.4%,34.4%,63.6%,2%,14.5,Preparatoria,SAN MARCOS
Hermosillo,2603000012363,LUIS DONALDO COLOSIO,282,800,47.9%,52.1%,35%,58.6%,6.4%,9.7,Secundaria,LUIS DONALDO COLOSIO
Hermosillo,2603000012365,URBI ALAMEDA LOS FRESNOS RDCIAL,335,972,50.3%,49.7%,35.8%,61.3%,2.9%,14.6,Preparatoria,URBI ALAMEDA LOS FRESNOS RDCIAL
Hermosillo,2603000012366,ALTARIA RESIDENCIAL,616,1267,50.9%,49.1%,32.4%,65.7%,1.9%,15.2,Licenciatura,ALTARIA RESIDENCIAL
Hermosillo,2603000012368,LA COSECHA NORTE,15,21,45.5%,54.5%,47.6%,33.3%,19%,5.9,Primaria no aprobada/terminada,LA COSECHA NORTE
Hermosillo,2603000012370,MURANO RESIDENCIAL,13,14,54.5%,45.5%,35.7%,64.3%,0%,18.1,Posgrado,MURANO RESIDENCIAL
Hermosillo,2603000012371,UNION DE LADRILLEROS,146,470,49.4%,50.6%,31.3%,62.1%,6.6%,10.0,Secundaria,UNION DE LADRILLEROS
Hermosillo,2603000016228,OPATAS,162,488,50.5%,49.5%,36.3%,60.7%,3.1%,12.1,Secundaria,OPATAS
Hermosillo,2603000016229,SOL AGUILAR (EL TRIUNFO),254,883,48.5%,51.5%,32.8%,61.2%,6%,9.2,Secundaria,SOL AGUILAR (EL TRIUNFO)
Hermosillo,2603000016231,PALO FIERRO,439,1269,48.5%,51.5%,37.3%,59%,3.7%,10.1,Secundaria,PALO FIERRO
Hermosillo,2603000016238,EL MIRADOR,456,1609,48.9%,51.1%,36.1%,56.1%,7.8%,8.8,Primaria,EL MIRADOR
Hermosillo,2603000016242,QUINTA LA PALOMA,20,72,48.3%,51.7%,41.7%,41.7%,16.7%,14.0,Preparatoria,QUINTA LA PALOMA
Hermosillo,2603000016243,BICENTENARIO,1234,3604,50.1%,49.9%,39.4%,59.4%,1.2%,10.4,Secundaria,BICENTENARIO
Hermosillo,2603000016250,LA CAÑADA PRIVADA RESIDENCIAL,13,40,47.6%,52.4%,67.5%,32.5%,0%,13.7,Preparatoria,LA CAÑADA PRIVADA RESIDENCIAL
Hermosillo,2603000016251,DEL PEDREGAL PRIVADAS RESIDENCIALES,25,82,47.6%,52.4%,22%,57.3%,20.7%,15.7,Licenciatura,DEL PEDREGAL PRIVADAS RESIDENCIALES
Hermosillo,2603000016252,VALLE DE ARANDAS,138,351,50.9%,49.1%,37.3%,61.8%,0.9%,15.9,Licenciatura,VALLE DE ARANDAS
Hermosillo,2603000016255,BUENA VISTA SECC BONITA,198,545,49.4%,50.6%,38.2%,60.4%,1.5%,14.6,Preparatoria,BUENA VISTA SECC BONITA
Hermosillo,2603000016258,PUEBLITOS SECC GUARIJIOS,151,422,50.7%,49.3%,32%,64.2%,3.8%,11.7,Secundaria,PUEBLITOS SECC GUARIJIOS
Hermosillo,2603000016259,PUEBLITOS SECC KUKAPA,173,528,51.7%,48.3%,30.1%,65.7%,4.2%,11.9,Secundaria,PUEBLITOS SECC KUKAPA
Hermosillo,2603000016260,PUEBLITOS SECC KIKAPU,144,363,46%,54%,31.7%,59.5%,8.8%,13.0,Preparatoria,PUEBLITOS SECC KIKAPU
Hermosillo,2603000016261,PUEBLITOS SECC PAPAGOS,170,487,49.3%,50.7%,35.3%,58.7%,6%,11.6,Secundaria,PUEBLITOS SECC PAPAGOS
Hermosillo,2603000016262,PUEBLITOS SECC PIMAS,130,338,50.6%,49.4%,32%,62.7%,5.3%,12.2,Secundaria,PUEBLITOS SECC PIMAS
Hermosillo,2603000016263,TORRE DE PLATA,181,587,50.4%,49.6%,34.2%,59.5%,6.3%,14.1,Preparatoria,TORRE DE PLATA
Hermosillo,2603000016265,BUENA VISTA SECCION AMANECER,280,766,49.6%,50.4%,36.9%,63.1%,0%,14.6,Preparatoria,BUENA VISTA SECCION AMANECER
Hermosillo,2603000016266,LADRILLERAS,880,2863,48%,52%,31.4%,61.4%,7.2%,9.4,Secundaria,LADRILLERAS
Hermosillo,2603000016288,4 DE MARZO,421,1383,49.2%,50.8%,32.8%,61.9%,5.4%,9.3,Secundaria,4 DE MARZO
Hermosillo,2603000016289,RESIDENCIAL LA CIMA,172,513,52.4%,47.6%,33.3%,64.7%,1.9%,14.9,Preparatoria,RESIDENCIAL LA CIMA
Hermosillo,2603000016290,MARTIN VALENCIA,20,61,45.9%,54.1%,36.1%,50.8%,13.1%,9.5,Secundaria,MARTIN VALENCIA
Hermosillo,2603000016291,STANZA SOLARE,520,1210,50%,50%,28.5%,70.5%,1%,15.5,Licenciatura,STANZA SOLARE
Hermosillo,2603000016293,HIPICO,179,568,51.4%,48.6%,34.5%,61.1%,4.4%,15.3,Licenciatura,HIPICO
Hermosillo,2603000016298,MISION DE ANDALUCIA,99,257,54.1%,45.9%,31.1%,65.4%,3.5%,15.5,Licenciatura,MISION DE ANDALUCIA
Hermosillo,2603000016304,CORCELES,362,1125,52.9%,47.1%,30.4%,62.8%,6.8%,15.3,Licenciatura,CORCELES
Hermosillo,2603000016305,CORCELES SECC ALTER REAL,438,1311,51.2%,48.8%,33%,60.4%,6.6%,15.0,Licenciatura,CORCELES SECC ALTER REAL
Hermosillo,2603000016306,CORCELES SECC ARDENES,267,647,51.3%,48.7%,30.6%,60.6%,8.8%,15.9,Licenciatura,CORCELES SECC ARDENES
Hermosillo,2603000016308,OBISPOS,51,142,52.2%,47.8%,31.7%,64.8%,3.5%,14.5,Preparatoria,OBISPOS
Hermosillo,2603000016323,HACIENDAS DEL SUR,1717,4242,49.6%,50.4%,38%,60.3%,1.7%,11.1,Secundaria,HACIENDAS DEL SUR
Hermosillo,2603000016327,LAS PROVINCIAS,715,1885,52%,48%,33.3%,65.4%,1.4%,15.8,Licenciatura,LAS PROVINCIAS
Hermosillo,2603000016328,AMPLIACIN 4 DE MARZO,204,781,51%,49%,39.1%,54.8%,6.1%,8.2,Primaria,AMPLIACION 4 DE MARZO
Hermosillo,2603000016329,CATAVIÑA RESIDENCIAL,69,201,50.2%,49.8%,29.9%,62.7%,7.5%,15.1,Licenciatura,CATAVIÑA RESIDENCIAL
Hermosillo,2603000016335,VILLA VERDE CERRADA SAN VICENTE,261,715,47.6%,52.4%,40.4%,56.8%,2.8%,9.5,Secundaria,VILLA VERDE CERRADA SAN VICENTE
Hermosillo,2603000016336,FUENTE DE PIEDRA,1389,4520,48.8%,51.2%,40.2%,58.1%,1.7%,9.7,Secundaria,FUENTE DE PIEDRA
Hermosillo,2603000016339,ANTARA RESIDENCIAL,31,91,57.5%,42.5%,27.5%,59.3%,13.2%,14.2,Preparatoria,ANTARA RESIDENCIAL
Hermosillo,2603000016340,REAL DEL LLANO,533,1339,49.4%,50.6%,29.1%,62.5%,8.4%,13.3,Preparatoria,REAL DEL LLANO
Hermosillo,2603000016341,FRACCIONAMIENTO CASA REAL,263,695,50.5%,49.5%,35.8%,57.7%,6.5%,9.8,Secundaria,FRACCIONAMIENTO CASA REAL
Hermosillo,2603000016342,VILLAS DEL PRADO,1365,3834,50.7%,49.3%,38.6%,58.2%,3.2%,9.9,Secundaria,VILLAS DEL PRADO
Hermosillo,2603000016358,CALIFORNIA PRIVADA MONTEBELLO,1541,3516,50.1%,49.9%,36.3%,62%,1.6%,13.7,Preparatoria,CALIFORNIA PRIVADA MONTEBELLO
Hermosillo,2603000016359,MONTEROSA RESIDENCIAL,470,1487,52.2%,47.8%,31%,62.2%,6.8%,15.4,Licenciatura,MONTEROSA RESIDENCIAL
Hermosillo,2603000016365,PUERTA DEL REY SECCION ALTADENA,702,2162,50.9%,49.1%,41.4%,58.2%,0.5%,10.2,Secundaria,PUERTA DEL REY SECCION ALTADENA
Hermosillo,2603000016367,PILARES PORTAL,24,80,43.8%,56.2%,33.8%,61.2%,5%,8.2,Primaria,PILARES PORTAL
Hermosillo,2603000016375,VALLADOLID,53,145,54.5%,45.5%,40%,60%,0%,13.5,Preparatoria,VALLADOLID
Hermosillo,2603000016377,BONANZA,26,57,45.2%,54.8%,42.1%,57.9%,0%,12.8,Secundaria,BONANZA
Hermosillo,2603000016387,AMPLIACION ALCATRACES,82,256,48%,52%,56.2%,39.5%,4.3%,7.6,Primaria,AMPLIACION ALCATRACES
Hermosillo,2603000016388,ARANDANOS SECCION VILLA HERMOSA,42,123,52.8%,47.2%,34.1%,61.8%,4.1%,11.5,Secundaria,ARANDANOS SECCION VILLA HERMOSA
Hermosillo,2603000016391,VERSALLES,152,516,51.2%,48.8%,26.7%,65.5%,7.8%,15.1,Licenciatura,VERSALLES
Hermosillo,2603000016405,FIRENZE RESIDENCIAL,129,436,50.5%,49.5%,34.9%,59.6%,5.5%,15.2,Licenciatura,FIRENZE RESIDENCIAL
Hermosillo,2603000016406,SAN RAFAEL,17,44,45.5%,54.5%,29.5%,70.5%,0%,15.2,Licenciatura,SAN RAFAEL
Hermosillo,2603000016407,VILLA SAUCES RESIDENCIAL,91,269,46.5%,53.5%,34.9%,61.3%,3.7%,14.1,Preparatoria,VILLA SAUCES RESIDENCIAL
Hermosillo,2603000016410,FRACCIONAMIENTO OASIS SOLERA,188,504,49.6%,50.4%,37.9%,60.3%,1.8%,12.4,Secundaria,FRACCIONAMIENTO OASIS SOLERA
Hermosillo,2603000016411,FRACCIONAMIENTO OASIS SANTA FE,121,269,50.2%,49.8%,28.6%,66.2%,5.2%,14.4,Preparatoria,FRACCIONAMIENTO OASIS SANTA FE
Hermosillo,2603000016415,PORTAL DEL PITIC,139,438,50.2%,49.8%,28.8%,65.5%,5.7%,14.3,Preparatoria,PORTAL DEL PITIC
Hermosillo,2603000016416,AZORES RESIDENCIAL,125,168,53.1%,46.9%,38.7%,59.5%,1.8%,14.4,Preparatoria,AZORES RESIDENCIAL
Hermosillo,2603000016417,ARGANGEL RESIDENCIAL,98,306,52.6%,47.4%,36.9%,58.5%,4.6%,14.0,Preparatoria,ARCANGEL RESIDENCIAL
Hermosillo,2603000016418,SANTA ENGRACIA PRIVADA RESIDENCIAL,4,19,52.6%,47.4%,42.1%,57.9%,0%,13.8,Preparatoria,SANTA ENGRACIA PRIVADA RESIDENCIAL
Hermosillo,2603000016419,SAN CARLOS RESIDENCIAL,39,104,51.9%,48.1%,45.2%,51%,3.8%,14.6,Preparatoria,SAN CARLOS RESIDENCIAL
Hermosillo,2603000016420,PASEO REAL RESIDENCIAL,568,1688,50.8%,49.2%,36.3%,60.6%,3.1%,14.1,Preparatoria,PASEO REAL RESIDENCIAL
Hermosillo,2603000016421,SOLEIL RESIDENCIAL,559,1513,51.4%,48.6%,34.8%,62.5%,2.7%,14.7,Preparatoria,SOLEIL RESIDENCIAL
Hermosillo,2603000016430,RIVELLO RESIDENCIAL,604,1507,50.7%,49.3%,32.2%,64.8%,2.9%,15.9,Licenciatura,RIVELLO RESIDENCIAL
Hermosillo,2603000016431,REAL DE SEVILLA,486,1335,50%,50%,30.6%,62.6%,6.8%,15.1,Licenciatura,REAL DE SEVILLA
Hermosillo,2603000016433,MONTALBAN RESIDENCIAL,149,390,52.1%,47.9%,40%,59.2%,0.8%,11.0,Secundaria,MONTALBAN RESIDENCIAL
Hermosillo,2603000016434,CAMPO GRANDE,705,2034,50.1%,49.9%,32.3%,65.4%,2.3%,15.5,Licenciatura,CAMPO GRANDE
Hermosillo,2603000016437,VERONA RESIDENCIAL,67,215,53%,47%,37.7%,60.9%,1.4%,15.2,Licenciatura,VERONA RESIDENCIAL
Hermosillo,2603000016439,LA CIMA II,179,497,51.7%,48.3%,28%,67.2%,4.8%,14.8,Preparatoria,LA CIMA II
Hermosillo,2603000016441,LA JOLLA SECCION VILLA DE LOS DIAMANTES,9,23,58.8%,41.2%,34.8%,65.2%,0%,12.9,Secundaria,LA JOLLA SECCION VILLA DE LOS DIAMANTES
Hermosillo,2603000016442,LA JOLLA SECCION VILLA TURQUESA,290,820,48.8%,51.2%,39.4%,56.5%,4.1%,12.1,Secundaria,LA JOLLA SECCION VILLA TURQUESA
Hermosillo,2603000016443,MONTEREAL,183,486,50.8%,49.2%,36%,64%,0%,13.1,Preparatoria,MONTEREAL
Hermosillo,2603000016445,GRANJA GUADALUPE,14,29,48.3%,51.7%,24.1%,75.9%,0%,14.9,Preparatoria,GRANJA GUADALUPE
Hermosillo,2603000016446,LAS PLACITAS,13,27,50%,50%,55.6%,29.6%,14.8%,9.3,Secundaria,LAS PLACITAS
Hermosillo,2603000016447,ALEGRANZA RESIDENCIAL,514,1326,49.5%,50.5%,33%,63.6%,3.5%,13.7,Preparatoria,ALEGRANZA RESIDENCIAL
Hermosillo,2603000016448,SIERRA BONITA,636,2020,49.1%,50.9%,35.2%,59%,5.8%,9.4,Secundaria,SIERRA BONITA
Hermosillo,2603000016449,MESAVERDE,90,216,53.2%,46.8%,31%,69%,0%,13.4,Preparatoria,MESAVERDE
Hermosillo,2603000016451,VILLA MERCEDES,425,1339,49.4%,50.6%,39.1%,58.2%,2.8%,10.5,Secundaria,VILLA MERCEDES
Hermosillo,2603000016458,SAN JUDAS TADEO,25,85,54.1%,45.9%,25.9%,62.4%,11.8%,8.6,Primaria,SAN JUDAS TADEO
Hermosillo,2603000016466,NATURA,545,1256,48.4%,51.6%,38.3%,61.7%,0%,11.2,Secundaria,NATURA
Hermosillo,2603000016467,CANTERAS RESIDENCIAL,157,380,51.3%,48.7%,37.4%,61.6%,1.1%,10.4,Secundaria,CANTERAS RESIDENCIAL
Hermosillo,2603000016468,PASEO DEL CID RESIDENCIAL,96,142,52.8%,47.2%,26.1%,73.9%,0%,15.1,Licenciatura,PASEO DEL CID RESIDENCIAL
Hermosillo,2603000016469,VELAS,37,46,55%,45%,34.8%,65.2%,0%,15.7,Licenciatura,VELAS
Hermosillo,2603000016470,VILLAS MONTECARLO,117,375,50.6%,49.4%,31.5%,63.2%,5.3%,14.6,Preparatoria,VILLAS MONTECARLO
Hermosillo,2603000016472,PARQUE CENTRAL,826,2288,50.1%,49.9%,39.9%,58.9%,1.2%,10.2,Secundaria,PARQUE CENTRAL
Hermosillo,2603000016473,ACACIAS RESIDENCIAL,251,388,50.7%,49.3%,31.7%,64.9%,3.4%,13.8,Preparatoria,ACACIAS RESIDENCIAL
Hermosillo,2603000016474,CALIFORNIA PRIVADA SANTA MONICA,278,634,48.3%,51.7%,40.5%,57.1%,2.4%,14.2,Preparatoria,CALIFORNIA PRIVADA SANTA MONICA
Hermosillo,2603000016475,CALIFORNIA ETAPA V,663,1333,50.6%,49.4%,33.4%,65.4%,1.2%,13.3,Preparatoria,CALIFORNIA ETAPA V
Hermosillo,2603000016476,TOPACIO RESIDENCIAL,206,607,50.7%,49.3%,31.6%,67.7%,0.7%,15.1,Licenciatura,TOPACIO RESIDENCIAL
Hermosillo,2603000016477,PRIVADA SACRAMENTO,94,283,52.2%,47.8%,30.7%,65.4%,3.9%,14.1,Preparatoria,PRIVADA SACRAMENTO
Hermosillo,2603000016479,GALA III,438,1236,50.1%,49.9%,34.4%,64.7%,0.9%,10.6,Secundaria,GALA III
Hermosillo,2603000016481,CARDENO RESIDENCIAL,79,215,54.5%,45.5%,36.3%,58.1%,5.6%,15.3,Licenciatura,CARDENO RESIDENCIAL
Hermosillo,2603000016482,SANTA ANITA RESIDENCIAL,133,328,50.8%,49.2%,39.6%,60.4%,0%,14.3,Preparatoria,SANTA ANITA RESIDENCIAL
Hermosillo,2603000016497,ALONDRAS RESIDENCIAL,68,148,54.1%,45.9%,26.4%,73.6%,0%,15.5,Licenciatura,ALONDRAS RESIDENCIAL
Hermosillo,2603000016498,STANZA FLORENZA RESIDENCIAL,382,678,51.2%,48.8%,27.4%,68.9%,3.7%,13.3,Preparatoria,STANZA FLORENZA RESIDENCIAL
Hermosillo,2603000016501,QUINTA ESMERALDA,638,1417,50.2%,49.8%,39.3%,59.8%,0.9%,11.4,Secundaria,QUINTA ESMERALDA
Hermosillo,2603000016504,REAL DE TOLEDO,188,458,49%,51%,36%,60.9%,3.1%,15.3,Licenciatura,REAL DE TOLEDO
Hermosillo,2603000016505,BARCELONA RESIDENCIAL,42,78,55.3%,44.7%,19.2%,73.1%,7.7%,15.4,Licenciatura,BARCELONA RESIDENCIAL
Hermosillo,2603000016506,BADALONA,95,209,51.2%,48.8%,25.4%,70.3%,4.3%,12.6,Secundaria,BADALONA
Hermosillo,2603000016526,PRIVADAS DEL REY,278,808,49.1%,50.9%,40.6%,58.9%,0.5%,10.6,Secundaria,PRIVADAS DEL REY
Hermosillo,2603000016527,SIENA RESIDENCIAL,233,438,51.1%,48.9%,30.1%,66.4%,3.4%,15.9,Licenciatura,SIENA RESIDENCIAL
Hermosillo,2603000016536,PROYECTO RIO SONORA,67,189,42.5%,57.5%,29.1%,63.5%,7.4%,9.3,Secundaria,PROYECTO RIO SONORA
Hermosillo,2603000016546,RESIDENCIAL REAL DE CASTILLA,143,316,52.1%,47.9%,35.4%,62%,2.5%,15.1,Licenciatura,RESIDENCIAL REAL DE CASTILLA
Hermosillo,2603000016551,SAN FRANCISCO VALLE RESIDENCIAL,100,61,50.8%,49.2%,23%,77%,0%,16.0,Licenciatura,SAN FRANCISCO VALLE RESIDENCIAL
Hermosillo,2603000016560,TORRALBA RESIDENCIAL,193,201,46.1%,53.9%,29.4%,70.6%,0%,15.1,Licenciatura,TORRALBA RESIDENCIAL
Hermosillo,2603000016562,PRIVADAS SANTA CLARA,406,279,49.8%,50.2%,32.6%,67.4%,0%,11.6,Secundaria,PRIVADAS SANTA CLARA
Hermosillo,2603000016563,IBIZA,3,8,,,,,,,,IBIZA
Hermosillo,2603000016564,RESIDENCIAL LA RIOJA NORTE,107,355,49.3%,50.7%,32.7%,67.3%,0%,15.1,Licenciatura,RESIDENCIAL LA RIOJA NORTE
Hermosillo,2603000016565,ALTAFIRENZE RESIDENCIAL,125,315,51.4%,48.6%,34.9%,61%,4.1%,14.9,Preparatoria,ALTAFIRENZE RESIDENCIAL
Hermosillo,2603000016568,SEDONA RESIDENCIAL,34,17,46.2%,53.8%,41.2%,58.8%,0%,15.3,Licenciatura,SEDONA RESIDENCIAL
Hermosillo,2603000016569,ALTA MONACO,7,10,40%,60%,40%,60%,0%,18.7,Posgrado,ALTA MONACO
Hermosillo,2603000016571,EL SECRETO,171,196,51%,49%,30.6%,63.8%,5.6%,16.0,Licenciatura,EL SECRETO
Hermosillo,2603000016572,LA CORUÑA SECCION PRIVADA ORZAN,109,203,48.9%,51.1%,40.4%,59.6%,0%,14.8,Preparatoria,LA CORUÑA SECCION PRIVADA ORZAN
Hermosillo,2603000016578,AUREA RESIDENCIAL,186,320,50.6%,49.4%,38.8%,57.2%,4.1%,14.9,Preparatoria,AUREA RESIDENCIAL
Hermosillo,2603000016580,SANTA CRUZ,0,0,,,,,,,,SANTA CRUZ
Hermosillo,2603000016581,DALI,27,90,46.7%,53.3%,34.4%,52.2%,13.3%,14.7,Preparatoria,DALI
Hermosillo,2603000016582,TORRE DE PIEDRA,61,14,50%,50%,35.7%,64.3%,0%,10.7,Secundaria,TORRE DE PIEDRA
Hermosillo,2603000016583,PROYECTO VILLAS DEL COLORADO,129,216,43.1%,56.9%,47.2%,47.2%,5.6%,7.7,Primaria,PROYECTO VILLAS DEL COLORADO
Hermosillo,2603000016600,CERRADA VISTA AZUL,48,44,59.1%,40.9%,29.5%,70.5%,0%,15.6,Licenciatura,CERRADA VISTA AZUL
Hermosillo,2603000016601,CONCORDIA RESIDNCIAL,4,0,,,,,,,,CONCORDIA RESIDNCIAL
Hermosillo,2603000016607,RENACERES RESIDENCIAL,64,28,60.7%,39.3%,35.7%,64.3%,0%,13.6,Preparatoria,RENACERES RESIDENCIAL
Hermosillo,2603000016608,COLINAS DE SAN JAVIER,14,57,57.1%,42.9%,57.9%,42.1%,0%,15.3,Licenciatura,COLINAS DE SAN JAVIER
Hermosillo,2603000016611,CARDENO ETAPA CELESTE II,82,82,52.6%,47.4%,29.3%,64.6%,6.1%,14.5,Preparatoria,CARDENO ETAPA CELESTE II
Hermosillo,2603000016620,BILBAO,107,22,43.8%,56.2%,54.5%,45.5%,0%,13.8,Preparatoria,BILBAO
Hermosillo,2603000016621,TIERRA Y LIBERTAD,40,25,0%,100%,48%,16%,36%,3.7,Primaria no aprobada/terminada,TIERRA Y LIBERTAD
Hermosillo,2603000016623,CASTELINA,85,101,44.6%,55.4%,40.6%,59.4%,0%,11.4,Secundaria,CASTELINA
Hermosillo,2603000016626,EL ALAMO RESIDENCIAL,14,22,42.9%,57.1%,54.5%,45.5%,0%,13.6,Preparatoria,EL ALAMO RESIDENCIAL
Hermosillo,2603000016638,SALAMANCA,49,0,,,,,,,,SALAMANCA
Hermosillo,2603000016639,CORSICA,148,326,51.2%,48.8%,32.5%,67.5%,0%,15.2,Licenciatura,CORSICA
Hermosillo,2603000016640,VENTURA CLUB RESIDENCIAL,51,136,48.7%,51.3%,33.8%,55.1%,11%,15.3,Licenciatura,VENTURA CLUB RESIDENCIAL
Hermosillo,2603000016731,PITIC,961,2659,53.4%,46.6%,18.5%,50.6%,30.9%,14.7,Preparatoria,PITIC
Hermosillo,2603000016735,ALTA FIRENZE NORTE RESIDENCIAL,68,77,50.6%,49.4%,28.6%,71.4%,0%,14.9,Preparatoria,ALTA FIRENZE NORTE RESIDENCIAL
Hermosillo,2603000016740,PRIVADAS DE MIRADOR II,201,563,49.9%,50.1%,30.4%,65.7%,3.9%,12.2,Secundaria,PRIVADAS DE MIRADOR II
Hermosillo,2603000016741,SANTA BARBARA DE LA MISION,140,459,49.8%,50.2%,35.3%,61.2%,3.5%,15.0,Licenciatura,SANTA BARBARA DE LA MISION
Hermosillo,2603000016742,SANTA BARBARA DE LA BASILICA,111,355,53.2%,46.8%,29.9%,65.4%,4.8%,14.5,Preparatoria,SANTA BARBARA DE LA BASILICA
Hermosillo,2603000016743,SANTA BARBARA DEL MIRADOR,229,619,49.8%,50.2%,32.1%,63%,4.8%,13.7,Preparatoria,SANTA BARBARA DEL MIRADOR
Hermosillo,2603000016745,LA CORUÑA SECCION  PRIVADA ALMAR,0,0,,,,,,,,LA CORUÑA SECCION PRIVADA ALMAR
Hermosillo,2603000016746,LA CORUÑA SECCION PRIVADA RIAZOR,20,10,50%,50%,40%,60%,0%,13.6,Preparatoria,LA CORUÑA SECCION PRIVADA RIAZOR
Hermosillo,2603000016755,BONATERRA,49,0,,,,,,,,BONATERRA
Hermosillo,2603000016757,CERRADA CORONADO II,44,169,54.4%,45.6%,45%,52.7%,2.4%,13.0,Preparatoria,CERRADA CORONADO II
Hermosillo,2603000016758,CERRADA DE CORTES,67,217,55.3%,44.7%,35%,61.3%,3.7%,14.4,Preparatoria,CERRADA DE CORTES
Hermosillo,2603000016759,PASEOS DEL PEDREGAL SECCION II,532,1475,48.3%,51.7%,39.5%,58.2%,2.2%,9.3,Secundaria,PASEOS DEL PEDREGAL SECCION II
Hermosillo,2603000016760,PASEOS DEL PEDREGAL CERRADA DIAMANTE,214,649,48.5%,51.5%,41.1%,56.4%,2.5%,10.6,Secundaria,PASEOS DEL PEDREGAL CERRADA DIAMANTE
Hermosillo,2603000016761,PASEOS DEL PEDREGAL CERRADA PLATINO,200,643,50.9%,49.1%,43.7%,56.3%,0%,10.0,Secundaria,PASEOS DEL PEDREGAL CERRADA PLATINO
Hermosillo,2603000016762,PUERTA DEL REY SECCION MONTELENA,383,1074,49.8%,50.2%,38.9%,60.1%,0.9%,10.6,Secundaria,PUERTA DEL REY SECCION MONTELENA
Hermosillo,2603000016763,PUERTA DEL REY ETAPA III,680,1987,49.3%,50.7%,40.2%,59.8%,0%,10.7,Secundaria,PUERTA DEL REY ETAPA III
Hermosillo,2603000016764,PUERTA DEL REY SECCION CUEVAS,431,1204,48.2%,51.8%,42.6%,56.6%,0.7%,10.1,Secundaria,PUERTA DEL REY SECCION CUEVAS
Hermosillo,2603000016765,PUERTA DEL REY SECCION CALAFIA,577,1752,49.4%,50.6%,41%,58.5%,0.5%,10.6,Secundaria,PUERTA DEL REY SECCION CALAFIA
Hermosillo,2603000016766,PRIVADAS DEL REY ETAPA II,365,920,51.8%,48.2%,38.3%,61.7%,0%,10.3,Secundaria,PRIVADAS DEL REY ETAPA II
Hermosillo,2603000016769,PUERTA DEL REY SECCIN GALICIA,248,643,48.2%,51.8%,40.3%,58.8%,0.9%,10.4,Secundaria,PUERTA DEL REY SECCIN GALICIA
Hermosillo,2603000016770,VILLA VERDE CERRADA SANTO NIÑO,227,661,48.9%,51.1%,41.1%,56.6%,2.3%,9.3,Secundaria,VILLA VERDE CERRADA SANTO NIÑO
Hermosillo,2603000016771,VILLA VERDE CERRADA SAN NOE,211,601,51.9%,48.1%,42.6%,55.7%,1.7%,9.7,Secundaria,VILLA VERDE CERRADA SAN NOE
Hermosillo,2603000016772,VILLA VERDE CERRADA SAN JUDAS,95,293,49.1%,50.9%,41.3%,56.7%,2%,10.0,Secundaria,VILLA VERDE CERRADA SAN JUDAS
Hermosillo,2603000016773,VILLA VERDE CERRADA SANTO TOMAS,332,997,49.6%,50.4%,41.3%,57.4%,1.3%,9.4,Secundaria,VILLA VERDE CERRADA SANTO TOMAS
Hermosillo,2603000016774,VILLA VERDE CERRADA SAN ROGELIO,48,170,45.9%,54.1%,37.1%,60%,2.9%,9.9,Secundaria,VILLA VERDE CERRADA SAN ROGELIO
Hermosillo,2603000016776,PUERTA DEL REY SECCION TIERRA NUEVA,1191,3112,50.5%,49.5%,39%,59.6%,1.4%,9.2,Secundaria,PUERTA DEL REY SECCION TIERRA NUEVA
Hermosillo,2603000016777,VILLA VERDE CERRADA SAN RENE,275,870,49%,51%,37.9%,59.4%,2.6%,9.6,Secundaria,VILLA VERDE CERRADA SAN RENE
Hermosillo,2603000016778,VILLA VERDE CERRADA SAN FEDERICO,231,718,49%,51%,38.2%,59.6%,2.2%,9.2,Secundaria,VILLA VERDE CERRADA SAN FEDERICO
Hermosillo,2603000016779,VILLA VERDE CERRADA SAN JOEL,193,513,52%,48%,40.2%,58.3%,1.6%,8.9,Primaria,VILLA VERDE CERRADA SAN JOEL
Hermosillo,2603000016780,VILLA VERDE CERRADA SAN ADRIAN,169,532,50.2%,49.8%,42.1%,55.5%,2.4%,9.7,Secundaria,VILLA VERDE CERRADA SAN ADRIAN
Hermosillo,2603000016781,VERDE CERRADA SAN ROSENDO,104,294,53.7%,46.3%,35.4%,62.6%,2%,10.8,Secundaria,VERDE CERRADA SAN ROSENDO
Hermosillo,2603000016782,VILLA VERDE CERRADA SAN PEDRO,136,192,55.2%,44.8%,37.5%,62.5%,0%,10.8,Secundaria,VILLA VERDE CERRADA SAN PEDRO
Hermosillo,2603000016788,MONARCA,85,197,47.7%,52.3%,34.5%,58.4%,7.1%,13.9,Preparatoria,MONARCA
Hermosillo,2603000016793,PORTAL DE ROMANZA,399,1076,49.4%,50.6%,38.4%,61.3%,0.3%,11.6,Secundaria,PORTAL DE ROMANZA
Hermosillo,2603000016794,MONETT RESIDENCIAL,32,84,57.7%,42.3%,38.1%,57.1%,4.8%,13.5,Preparatoria,MONETT RESIDENCIAL
Hermosillo,2603000016811,ALTA VISTA,122,289,50.9%,49.1%,28.7%,69.6%,1.7%,12.6,Secundaria,ALTA VISTA
Hermosillo,2603000016812,BOSCO,105,201,50.7%,49.3%,25.9%,74.1%,0%,14.2,Preparatoria,BOSCO
Hermosillo,2603000016813,JARDIN REAL,28,20,52.9%,47.1%,25%,75%,0%,14.4,Preparatoria,JARDIN REAL
Hermosillo,2603000016819,PRIMERO  HERMOSILLO,0,0,,,,,,,,PRIMERO HERMOSILLO
Hermosillo,2603000016820,LA CANDELARIA RESIDENCIAL,37,116,50%,50%,25%,62.9%,12.1%,12.0,Secundaria,LA CANDELARIA RESIDENCIAL
Hermosillo,2603000016821,MONTESINOS,25,0,,,,,,,,MONTESINOS
Hermosillo,2603000016822,INVASION GIRASOLES,11,10,50%,50%,40%,60%,0%,9.3,Secundaria,INVASION GIRASOLES
Hermosillo,2603000016832,MONTE DE CALABRIA RESIDENCIAL,1,0,,,,,,,,MONTE DE CALABRIA RESIDENCIAL
Hermosillo,2603006696483,LA VICTORIA (NUEVACREACION),232,771,48.4%,51.6%,27.4%,59.9%,12.7%,9.1,Secundaria,LA VICTORIA (NUEVACREACION)
